{"config/sshd":{"source":"config/sshd","plugin":"config","filename":"sshd.json","entities":{"mushroomobserver.org":{"mru_id":9,"last_sent_id":9}}},"kernel/modules":{"source":"kernel/modules","plugin":"kernel","filename":"modules.json","entities":{"mushroomobserver.org":{"mru_id":4,"last_sent_id":4}}},"kernel/sysctl":{"source":"kernel/sysctl","plugin":"kernel","filename":"sysctl.json","entities":{"mushroomobserver.org":{"mru_id":9,"last_sent_id":9}}},"metadata/agent_config":{"source":"metadata/agent_config","plugin":"metadata","filename":"agent_config.json","entities":{"mushroomobserver.org":{"mru_id":6,"last_sent_id":6}}},"metadata/attributes":{"source":"metadata/attributes","plugin":"metadata","filename":"attributes.json","entities":{"mushroomobserver.org":{"mru_id":4,"last_sent_id":4}}},"metadata/host_aliases":{"source":"metadata/host_aliases","plugin":"metadata","filename":"host_aliases.json","entities":{"mushroomobserver.org":{"mru_id":9,"last_sent_id":9}}},"metadata/proxy_config":{"source":"metadata/proxy_config","plugin":"metadata","filename":"proxy_config.json","entities":{"mushroomobserver.org":{"mru_id":4,"last_sent_id":4}}},"metadata/system":{"source":"metadata/system","plugin":"metadata","filename":"system.json","entities":{"mushroomobserver.org":{"mru_id":4,"last_sent_id":4}}},"packages/dpkg":{"source":"packages/dpkg","plugin":"packages","filename":"dpkg.json","entities":{"mushroomobserver.org":{"mru_id":4,"last_sent_id":4}}},"services/pidfile":{"source":"services/pidfile","plugin":"services","filename":"pidfile.json","entities":{"mushroomobserver.org":{"mru_id":9,"last_sent_id":9}}},"services/systemd":{"source":"services/systemd","plugin":"services","filename":"systemd.json","entities":{"mushroomobserver.org":{"mru_id":61,"last_sent_id":61}}},"sessions/users":{"source":"sessions/users","plugin":"sessions","filename":"users.json","entities":{"mushroomobserver.org":{"mru_id":61,"last_sent_id":60}}},"system/network_interfaces":{"source":"system/network_interfaces","plugin":"system","filename":"network_interfaces.json","entities":{"mushroomobserver.org":{"mru_id":9,"last_sent_id":9}}}}