{"aesni_intel":{"id":"aesni_intel","version":"","description":"Rijndael (AES) Cipher Algorithm, Intel AES-NI instructions optimized"},"async_memcpy":{"id":"async_memcpy","version":"","description":"asynchronous memcpy api"},"async_pq":{"id":"async_pq","version":"","description":"asynchronous raid6 syndrome generation/validation"},"async_raid6_recov":{"id":"async_raid6_recov","version":"","description":"asynchronous RAID-6 recovery api"},"async_tx":{"id":"async_tx","version":"","description":"Asynchronous Bulk Memory Transactions API"},"async_xor":{"id":"async_xor","version":"","description":"asynchronous xor/xor-zero-sum api"},"autofs4":{"id":"autofs4","version":"","description":""},"binfmt_misc":{"id":"binfmt_misc","version":"","description":""},"bpfilter":{"id":"bpfilter","version":"","description":""},"btrfs":{"id":"btrfs","version":"","description":""},"cpuid":{"id":"cpuid","version":"","description":"x86 generic CPUID driver"},"crc32_pclmul":{"id":"crc32_pclmul","version":"","description":""},"crct10dif_pclmul":{"id":"crct10dif_pclmul","version":"","description":"T10 DIF CRC calculation accelerated with PCLMULQDQ."},"cryptd":{"id":"cryptd","version":"","description":"Software async crypto daemon"},"crypto_simd":{"id":"crypto_simd","version":"","description":""},"dm_multipath":{"id":"dm_multipath","version":"","description":"device-mapper multipath target"},"drm":{"id":"drm","version":"","description":"DRM panel infrastructure"},"drm_kms_helper":{"id":"drm_kms_helper","version":"","description":"DRM KMS helper"},"efi_pstore":{"id":"efi_pstore","version":"","description":"EFI variable backend for pstore"},"failover":{"id":"failover","version":"","description":"Generic failover infrastructure/interface"},"fb_sys_fops":{"id":"fb_sys_fops","version":"","description":"Generic file read (fb in system RAM)"},"floppy":{"id":"floppy","version":"","description":""},"ghash_clmulni_intel":{"id":"ghash_clmulni_intel","version":"","description":"GHASH hash function, accelerated by PCLMULQDQ-NI"},"glue_helper":{"id":"glue_helper","version":"","description":""},"hfs":{"id":"hfs","version":"","description":""},"hfsplus":{"id":"hfsplus","version":"","description":"Extended Macintosh Filesystem"},"i2c_piix4":{"id":"i2c_piix4","version":"","description":"PIIX4 SMBus driver"},"input_leds":{"id":"input_leds","version":"","description":"Input -\u003e LEDs Bridge"},"intel_rapl_common":{"id":"intel_rapl_common","version":"","description":"Intel Runtime Average Power Limit (RAPL) common code"},"intel_rapl_msr":{"id":"intel_rapl_msr","version":"","description":"Driver for Intel RAPL (Running Average Power Limit) control via MSR interface"},"ip_tables":{"id":"ip_tables","version":"","description":"IPv4 packet filter"},"ipt_REJECT":{"id":"ipt_REJECT","version":"","description":"Xtables: packet \"rejection\" target for IPv4"},"iptable_filter":{"id":"iptable_filter","version":"","description":"iptables filter table"},"jfs":{"id":"jfs","version":"","description":"The Journaled Filesystem (JFS)"},"joydev":{"id":"joydev","version":"","description":"Joystick device interfaces"},"kvm":{"id":"kvm","version":"","description":""},"kvm_intel":{"id":"kvm_intel","version":"","description":""},"libcrc32c":{"id":"libcrc32c","version":"","description":"CRC32c (Castagnoli) calculations"},"linear":{"id":"linear","version":"","description":"Linear device concatenation personality for MD"},"mac_hid":{"id":"mac_hid","version":"","description":""},"minix":{"id":"minix","version":"","description":""},"msdos":{"id":"msdos","version":"","description":"MS-DOS filesystem support"},"msr":{"id":"msr","version":"","description":"x86 generic MSR driver"},"multipath":{"id":"multipath","version":"","description":"simple multi-path personality for MD"},"net_failover":{"id":"net_failover","version":"","description":"Failover driver for Paravirtual drivers"},"nf_conntrack":{"id":"nf_conntrack","version":"","description":""},"nf_defrag_ipv4":{"id":"nf_defrag_ipv4","version":"","description":""},"nf_defrag_ipv6":{"id":"nf_defrag_ipv6","version":"","description":""},"nf_reject_ipv4":{"id":"nf_reject_ipv4","version":"","description":""},"nls_iso8859_1":{"id":"nls_iso8859_1","version":"","description":""},"ntfs":{"id":"ntfs","version":"2.1.32","description":"NTFS 1.2/3.x driver - Copyright (c) 2001-2014 Anton Altaparmakov and Tuxera Inc."},"pata_acpi":{"id":"pata_acpi","version":"0.2.3","description":"SCSI low-level driver for ATA in ACPI mode"},"psmouse":{"id":"psmouse","version":"","description":"PS/2 mouse driver"},"qnx4":{"id":"qnx4","version":"","description":""},"qxl":{"id":"qxl","version":"","description":"RH QXL"},"raid0":{"id":"raid0","version":"","description":"RAID0 (striping) personality for MD"},"raid1":{"id":"raid1","version":"","description":"RAID1 (mirroring) personality for MD"},"raid10":{"id":"raid10","version":"","description":"RAID10 (striped mirror) personality for MD"},"raid456":{"id":"raid456","version":"","description":"RAID4/5/6 (striping with parity) personality for MD"},"raid6_pq":{"id":"raid6_pq","version":"","description":"RAID6 Q-syndrome calculations"},"ramoops":{"id":"ramoops","version":"","description":"RAM Oops/Panic logger/driver"},"reed_solomon":{"id":"reed_solomon","version":"","description":"Reed Solomon encoder/decoder"},"sch_fq_codel":{"id":"sch_fq_codel","version":"","description":""},"scsi_dh_alua":{"id":"scsi_dh_alua","version":"2.0","description":"DM Multipath ALUA support"},"scsi_dh_emc":{"id":"scsi_dh_emc","version":"","description":"EMC CX/AX/FC-family driver"},"scsi_dh_rdac":{"id":"scsi_dh_rdac","version":"01.00.0000.0000","description":"Multipath LSI/Engenio/NetApp E-Series RDAC driver"},"serio_raw":{"id":"serio_raw","version":"","description":"Raw serio driver"},"syscopyarea":{"id":"syscopyarea","version":"","description":"Generic copyarea (sys-to-sys)"},"sysfillrect":{"id":"sysfillrect","version":"","description":"Generic fill rectangle (sys-to-sys)"},"sysimgblt":{"id":"sysimgblt","version":"","description":"1-bit/8-bit to 1-32 bit color expansion (sys-to-sys)"},"ttm":{"id":"ttm","version":"","description":"TTM memory manager subsystem (for DRM device)"},"ufs":{"id":"ufs","version":"","description":""},"vhost":{"id":"vhost","version":"0.0.1","description":"Host kernel accelerator for virtio"},"vhost_vsock":{"id":"vhost_vsock","version":"","description":"vhost transport for vsock "},"virtio_blk":{"id":"virtio_blk","version":"","description":"Virtio block driver"},"virtio_net":{"id":"virtio_net","version":"","description":"Virtio network driver"},"virtio_scsi":{"id":"virtio_scsi","version":"","description":"Virtio SCSI HBA driver"},"vmw_vsock_virtio_transport_common":{"id":"vmw_vsock_virtio_transport_common","version":"","description":"common code for virtio vsock"},"vsock":{"id":"vsock","version":"1.0.2.0-k","description":"VMware Virtual Socket Family"},"x_tables":{"id":"x_tables","version":"","description":"{ip,ip6,arp,eb}_tables backend module"},"xfs":{"id":"xfs","version":"","description":"SGI XFS with ACLs, security attributes, realtime, no debug enabled"},"xor":{"id":"xor","version":"","description":""},"xt_comment":{"id":"xt_comment","version":"","description":"Xtables: No-op match which can be tagged with a comment"},"xt_conntrack":{"id":"xt_conntrack","version":"","description":"Xtables: connection tracking state match"},"xt_state":{"id":"xt_state","version":"","description":"ip[6]_tables connection tracking state match module"},"xt_tcpudp":{"id":"xt_tcpudp","version":"","description":"Xtables: TCP, UDP and UDP-Lite match"},"zstd_compress":{"id":"zstd_compress","version":"","description":"Zstd Compressor"}}