{"atd":{"id":"atd","pid":"960","ppid":"1","uids":"0 1 1 1","gids":"0 1 1 1","listen_socks":"[]"},"crond":{"id":"crond","pid":"914","ppid":"1","uids":"0 0 0 0","gids":"0 0 0 0","listen_socks":"[]"},"lxcfs":{"id":"lxcfs","pid":"925","ppid":"1","uids":"0 0 0 0","gids":"0 0 0 0","listen_socks":"[]"},"multipathd":{"id":"multipathd","pid":"542","ppid":"1","uids":"0 0 0 0","gids":"0 0 0 0","listen_socks":"[]"},"nginx":{"id":"nginx","pid":"994","ppid":"1","uids":"0 0 0 0","gids":"0 0 0 0","listen_socks":"[\"TCP:0.0.0.0:443\",\"TCP:0.0.0.0:80\"]"},"sshd":{"id":"sshd","pid":"979","ppid":"1","uids":"0 0 0 0","gids":"0 0 0 0","listen_socks":"[\"TCP:0.0.0.0:22\"]"}}