{".abi.vsyscall32":{"id":".abi.vsyscall32","sysctl_value":"1"},".debug.exception-trace":{"id":".debug.exception-trace","sysctl_value":"1"},".debug.kprobes-optimization":{"id":".debug.kprobes-optimization","sysctl_value":"1"},".dev.cdrom.autoclose":{"id":".dev.cdrom.autoclose","sysctl_value":"1"},".dev.cdrom.autoeject":{"id":".dev.cdrom.autoeject","sysctl_value":"0"},".dev.cdrom.check_media":{"id":".dev.cdrom.check_media","sysctl_value":"0"},".dev.cdrom.debug":{"id":".dev.cdrom.debug","sysctl_value":"0"},".dev.cdrom.lock":{"id":".dev.cdrom.lock","sysctl_value":"0"},".dev.hpet.max-user-freq":{"id":".dev.hpet.max-user-freq","sysctl_value":"64"},".dev.mac_hid.mouse_button2_keycode":{"id":".dev.mac_hid.mouse_button2_keycode","sysctl_value":"97"},".dev.mac_hid.mouse_button3_keycode":{"id":".dev.mac_hid.mouse_button3_keycode","sysctl_value":"100"},".dev.mac_hid.mouse_button_emulation":{"id":".dev.mac_hid.mouse_button_emulation","sysctl_value":"0"},".dev.raid.speed_limit_max":{"id":".dev.raid.speed_limit_max","sysctl_value":"200000"},".dev.raid.speed_limit_min":{"id":".dev.raid.speed_limit_min","sysctl_value":"1000"},".dev.scsi.logging_level":{"id":".dev.scsi.logging_level","sysctl_value":"0"},".dev.tty.ldisc_autoload":{"id":".dev.tty.ldisc_autoload","sysctl_value":"1"},".fs.aio-max-nr":{"id":".fs.aio-max-nr","sysctl_value":"65536"},".fs.binfmt_misc.status":{"id":".fs.binfmt_misc.status","sysctl_value":"enabled"},".fs.dir-notify-enable":{"id":".fs.dir-notify-enable","sysctl_value":"1"},".fs.epoll.max_user_watches":{"id":".fs.epoll.max_user_watches","sysctl_value":"397373"},".fs.file-max":{"id":".fs.file-max","sysctl_value":"9223372036854775807"},".fs.inotify.max_queued_events":{"id":".fs.inotify.max_queued_events","sysctl_value":"16384"},".fs.inotify.max_user_instances":{"id":".fs.inotify.max_user_instances","sysctl_value":"128"},".fs.inotify.max_user_watches":{"id":".fs.inotify.max_user_watches","sysctl_value":"8192"},".fs.lease-break-time":{"id":".fs.lease-break-time","sysctl_value":"45"},".fs.leases-enable":{"id":".fs.leases-enable","sysctl_value":"1"},".fs.mount-max":{"id":".fs.mount-max","sysctl_value":"100000"},".fs.mqueue.msg_default":{"id":".fs.mqueue.msg_default","sysctl_value":"10"},".fs.mqueue.msg_max":{"id":".fs.mqueue.msg_max","sysctl_value":"10"},".fs.mqueue.msgsize_default":{"id":".fs.mqueue.msgsize_default","sysctl_value":"8192"},".fs.mqueue.msgsize_max":{"id":".fs.mqueue.msgsize_max","sysctl_value":"8192"},".fs.mqueue.queues_max":{"id":".fs.mqueue.queues_max","sysctl_value":"256"},".fs.nr_open":{"id":".fs.nr_open","sysctl_value":"1048576"},".fs.overflowgid":{"id":".fs.overflowgid","sysctl_value":"65534"},".fs.overflowuid":{"id":".fs.overflowuid","sysctl_value":"65534"},".fs.pipe-max-size":{"id":".fs.pipe-max-size","sysctl_value":"1048576"},".fs.pipe-user-pages-hard":{"id":".fs.pipe-user-pages-hard","sysctl_value":"0"},".fs.pipe-user-pages-soft":{"id":".fs.pipe-user-pages-soft","sysctl_value":"16384"},".fs.protected_fifos":{"id":".fs.protected_fifos","sysctl_value":"1"},".fs.protected_regular":{"id":".fs.protected_regular","sysctl_value":"2"},".fs.suid_dumpable":{"id":".fs.suid_dumpable","sysctl_value":"2"},".fs.verity.require_signatures":{"id":".fs.verity.require_signatures","sysctl_value":"0"},".fs.xfs.error_level":{"id":".fs.xfs.error_level","sysctl_value":"3"},".fs.xfs.filestream_centisecs":{"id":".fs.xfs.filestream_centisecs","sysctl_value":"3000"},".fs.xfs.inherit_noatime":{"id":".fs.xfs.inherit_noatime","sysctl_value":"1"},".fs.xfs.inherit_nodefrag":{"id":".fs.xfs.inherit_nodefrag","sysctl_value":"1"},".fs.xfs.inherit_nodump":{"id":".fs.xfs.inherit_nodump","sysctl_value":"1"},".fs.xfs.inherit_nosymlinks":{"id":".fs.xfs.inherit_nosymlinks","sysctl_value":"0"},".fs.xfs.inherit_sync":{"id":".fs.xfs.inherit_sync","sysctl_value":"1"},".fs.xfs.irix_sgid_inherit":{"id":".fs.xfs.irix_sgid_inherit","sysctl_value":"0"},".fs.xfs.irix_symlink_mode":{"id":".fs.xfs.irix_symlink_mode","sysctl_value":"0"},".fs.xfs.panic_mask":{"id":".fs.xfs.panic_mask","sysctl_value":"0"},".fs.xfs.rotorstep":{"id":".fs.xfs.rotorstep","sysctl_value":"1"},".fs.xfs.speculative_cow_prealloc_lifetime":{"id":".fs.xfs.speculative_cow_prealloc_lifetime","sysctl_value":"1800"},".fs.xfs.speculative_prealloc_lifetime":{"id":".fs.xfs.speculative_prealloc_lifetime","sysctl_value":"300"},".fs.xfs.stats_clear":{"id":".fs.xfs.stats_clear","sysctl_value":"0"},".fs.xfs.xfssyncd_centisecs":{"id":".fs.xfs.xfssyncd_centisecs","sysctl_value":"3000"},".kernel.acct":{"id":".kernel.acct","sysctl_value":"4\t2\t30"},".kernel.acpi_video_flags":{"id":".kernel.acpi_video_flags","sysctl_value":"0"},".kernel.auto_msgmni":{"id":".kernel.auto_msgmni","sysctl_value":"0"},".kernel.bpf_stats_enabled":{"id":".kernel.bpf_stats_enabled","sysctl_value":"0"},".kernel.core_pattern":{"id":".kernel.core_pattern","sysctl_value":"|/usr/share/apport/apport -p%p -s%s -c%c -d%d -P%P -u%u -g%g -- %E"},".kernel.core_pipe_limit":{"id":".kernel.core_pipe_limit","sysctl_value":"10"},".kernel.core_uses_pid":{"id":".kernel.core_uses_pid","sysctl_value":"0"},".kernel.ctrl-alt-del":{"id":".kernel.ctrl-alt-del","sysctl_value":"0"},".kernel.dmesg_restrict":{"id":".kernel.dmesg_restrict","sysctl_value":"0"},".kernel.domainname":{"id":".kernel.domainname","sysctl_value":"(none)"},".kernel.firmware_config.force_sysfs_fallback":{"id":".kernel.firmware_config.force_sysfs_fallback","sysctl_value":"0"},".kernel.firmware_config.ignore_sysfs_fallback":{"id":".kernel.firmware_config.ignore_sysfs_fallback","sysctl_value":"0"},".kernel.ftrace_dump_on_oops":{"id":".kernel.ftrace_dump_on_oops","sysctl_value":"0"},".kernel.ftrace_enabled":{"id":".kernel.ftrace_enabled","sysctl_value":"1"},".kernel.hardlockup_all_cpu_backtrace":{"id":".kernel.hardlockup_all_cpu_backtrace","sysctl_value":"0"},".kernel.hardlockup_panic":{"id":".kernel.hardlockup_panic","sysctl_value":"0"},".kernel.hostname":{"id":".kernel.hostname","sysctl_value":"mushroomobserver"},".kernel.hotplug":{"id":".kernel.hotplug","sysctl_value":""},".kernel.hung_task_check_count":{"id":".kernel.hung_task_check_count","sysctl_value":"4194304"},".kernel.hung_task_check_interval_secs":{"id":".kernel.hung_task_check_interval_secs","sysctl_value":"0"},".kernel.hung_task_panic":{"id":".kernel.hung_task_panic","sysctl_value":"0"},".kernel.hung_task_timeout_secs":{"id":".kernel.hung_task_timeout_secs","sysctl_value":"120"},".kernel.hung_task_warnings":{"id":".kernel.hung_task_warnings","sysctl_value":"10"},".kernel.io_delay_type":{"id":".kernel.io_delay_type","sysctl_value":"1"},".kernel.kexec_load_disabled":{"id":".kernel.kexec_load_disabled","sysctl_value":"0"},".kernel.keys.gc_delay":{"id":".kernel.keys.gc_delay","sysctl_value":"300"},".kernel.keys.maxbytes":{"id":".kernel.keys.maxbytes","sysctl_value":"20000"},".kernel.keys.maxkeys":{"id":".kernel.keys.maxkeys","sysctl_value":"200"},".kernel.keys.persistent_keyring_expiry":{"id":".kernel.keys.persistent_keyring_expiry","sysctl_value":"259200"},".kernel.keys.root_maxbytes":{"id":".kernel.keys.root_maxbytes","sysctl_value":"25000000"},".kernel.keys.root_maxkeys":{"id":".kernel.keys.root_maxkeys","sysctl_value":"1000000"},".kernel.kptr_restrict":{"id":".kernel.kptr_restrict","sysctl_value":"1"},".kernel.max_lock_depth":{"id":".kernel.max_lock_depth","sysctl_value":"1024"},".kernel.modprobe":{"id":".kernel.modprobe","sysctl_value":"/sbin/modprobe"},".kernel.modules_disabled":{"id":".kernel.modules_disabled","sysctl_value":"0"},".kernel.msg_next_id":{"id":".kernel.msg_next_id","sysctl_value":"-1"},".kernel.msgmax":{"id":".kernel.msgmax","sysctl_value":"8192"},".kernel.msgmnb":{"id":".kernel.msgmnb","sysctl_value":"16384"},".kernel.nmi_watchdog":{"id":".kernel.nmi_watchdog","sysctl_value":"0"},".kernel.numa_balancing":{"id":".kernel.numa_balancing","sysctl_value":"0"},".kernel.numa_balancing_scan_delay_ms":{"id":".kernel.numa_balancing_scan_delay_ms","sysctl_value":"1000"},".kernel.numa_balancing_scan_period_max_ms":{"id":".kernel.numa_balancing_scan_period_max_ms","sysctl_value":"60000"},".kernel.numa_balancing_scan_period_min_ms":{"id":".kernel.numa_balancing_scan_period_min_ms","sysctl_value":"1000"},".kernel.numa_balancing_scan_size_mb":{"id":".kernel.numa_balancing_scan_size_mb","sysctl_value":"256"},".kernel.overflowgid":{"id":".kernel.overflowgid","sysctl_value":"65534"},".kernel.overflowuid":{"id":".kernel.overflowuid","sysctl_value":"65534"},".kernel.panic":{"id":".kernel.panic","sysctl_value":"0"},".kernel.panic_on_io_nmi":{"id":".kernel.panic_on_io_nmi","sysctl_value":"0"},".kernel.panic_on_oops":{"id":".kernel.panic_on_oops","sysctl_value":"0"},".kernel.panic_on_rcu_stall":{"id":".kernel.panic_on_rcu_stall","sysctl_value":"0"},".kernel.panic_on_unrecovered_nmi":{"id":".kernel.panic_on_unrecovered_nmi","sysctl_value":"0"},".kernel.panic_on_warn":{"id":".kernel.panic_on_warn","sysctl_value":"0"},".kernel.panic_print":{"id":".kernel.panic_print","sysctl_value":"0"},".kernel.perf_cpu_time_max_percent":{"id":".kernel.perf_cpu_time_max_percent","sysctl_value":"25"},".kernel.perf_event_max_contexts_per_stack":{"id":".kernel.perf_event_max_contexts_per_stack","sysctl_value":"8"},".kernel.perf_event_max_sample_rate":{"id":".kernel.perf_event_max_sample_rate","sysctl_value":"100000"},".kernel.perf_event_max_stack":{"id":".kernel.perf_event_max_stack","sysctl_value":"127"},".kernel.perf_event_mlock_kb":{"id":".kernel.perf_event_mlock_kb","sysctl_value":"516"},".kernel.perf_event_paranoid":{"id":".kernel.perf_event_paranoid","sysctl_value":"3"},".kernel.pid_max":{"id":".kernel.pid_max","sysctl_value":"4194304"},".kernel.poweroff_cmd":{"id":".kernel.poweroff_cmd","sysctl_value":"/sbin/poweroff"},".kernel.print-fatal-signals":{"id":".kernel.print-fatal-signals","sysctl_value":"0"},".kernel.printk":{"id":".kernel.printk","sysctl_value":"4\t4\t1\t7"},".kernel.printk_delay":{"id":".kernel.printk_delay","sysctl_value":"0"},".kernel.printk_devkmsg":{"id":".kernel.printk_devkmsg","sysctl_value":"on"},".kernel.printk_ratelimit":{"id":".kernel.printk_ratelimit","sysctl_value":"5"},".kernel.printk_ratelimit_burst":{"id":".kernel.printk_ratelimit_burst","sysctl_value":"10"},".kernel.pty.max":{"id":".kernel.pty.max","sysctl_value":"4096"},".kernel.pty.reserve":{"id":".kernel.pty.reserve","sysctl_value":"1024"},".kernel.random.urandom_min_reseed_secs":{"id":".kernel.random.urandom_min_reseed_secs","sysctl_value":"60"},".kernel.random.write_wakeup_threshold":{"id":".kernel.random.write_wakeup_threshold","sysctl_value":"256"},".kernel.randomize_va_space":{"id":".kernel.randomize_va_space","sysctl_value":"2"},".kernel.real-root-dev":{"id":".kernel.real-root-dev","sysctl_value":"0"},".kernel.sched_autogroup_enabled":{"id":".kernel.sched_autogroup_enabled","sysctl_value":"1"},".kernel.sched_cfs_bandwidth_slice_us":{"id":".kernel.sched_cfs_bandwidth_slice_us","sysctl_value":"5000"},".kernel.sched_child_runs_first":{"id":".kernel.sched_child_runs_first","sysctl_value":"0"},".kernel.sched_domain.cpu0.domain0.busy_factor":{"id":".kernel.sched_domain.cpu0.domain0.busy_factor","sysctl_value":"32"},".kernel.sched_domain.cpu0.domain0.cache_nice_tries":{"id":".kernel.sched_domain.cpu0.domain0.cache_nice_tries","sysctl_value":"1"},".kernel.sched_domain.cpu0.domain0.imbalance_pct":{"id":".kernel.sched_domain.cpu0.domain0.imbalance_pct","sysctl_value":"125"},".kernel.sched_domain.cpu0.domain0.max_interval":{"id":".kernel.sched_domain.cpu0.domain0.max_interval","sysctl_value":"4"},".kernel.sched_domain.cpu0.domain0.min_interval":{"id":".kernel.sched_domain.cpu0.domain0.min_interval","sysctl_value":"2"},".kernel.sched_domain.cpu1.domain0.busy_factor":{"id":".kernel.sched_domain.cpu1.domain0.busy_factor","sysctl_value":"32"},".kernel.sched_domain.cpu1.domain0.cache_nice_tries":{"id":".kernel.sched_domain.cpu1.domain0.cache_nice_tries","sysctl_value":"1"},".kernel.sched_domain.cpu1.domain0.imbalance_pct":{"id":".kernel.sched_domain.cpu1.domain0.imbalance_pct","sysctl_value":"125"},".kernel.sched_domain.cpu1.domain0.max_interval":{"id":".kernel.sched_domain.cpu1.domain0.max_interval","sysctl_value":"4"},".kernel.sched_domain.cpu1.domain0.min_interval":{"id":".kernel.sched_domain.cpu1.domain0.min_interval","sysctl_value":"2"},".kernel.sched_latency_ns":{"id":".kernel.sched_latency_ns","sysctl_value":"12000000"},".kernel.sched_migration_cost_ns":{"id":".kernel.sched_migration_cost_ns","sysctl_value":"500000"},".kernel.sched_min_granularity_ns":{"id":".kernel.sched_min_granularity_ns","sysctl_value":"1500000"},".kernel.sched_nr_migrate":{"id":".kernel.sched_nr_migrate","sysctl_value":"32"},".kernel.sched_rr_timeslice_ms":{"id":".kernel.sched_rr_timeslice_ms","sysctl_value":"100"},".kernel.sched_rt_period_us":{"id":".kernel.sched_rt_period_us","sysctl_value":"1000000"},".kernel.sched_rt_runtime_us":{"id":".kernel.sched_rt_runtime_us","sysctl_value":"950000"},".kernel.sched_schedstats":{"id":".kernel.sched_schedstats","sysctl_value":"0"},".kernel.sched_tunable_scaling":{"id":".kernel.sched_tunable_scaling","sysctl_value":"1"},".kernel.sched_util_clamp_max":{"id":".kernel.sched_util_clamp_max","sysctl_value":"1024"},".kernel.sched_util_clamp_min":{"id":".kernel.sched_util_clamp_min","sysctl_value":"1024"},".kernel.sched_wakeup_granularity_ns":{"id":".kernel.sched_wakeup_granularity_ns","sysctl_value":"2000000"},".kernel.seccomp.actions_logged":{"id":".kernel.seccomp.actions_logged","sysctl_value":"kill_process kill_thread trap errno user_notif trace log"},".kernel.sem":{"id":".kernel.sem","sysctl_value":"32000\t1024000000\t500\t32000"},".kernel.sem_next_id":{"id":".kernel.sem_next_id","sysctl_value":"-1"},".kernel.shm_next_id":{"id":".kernel.shm_next_id","sysctl_value":"-1"},".kernel.shm_rmid_forced":{"id":".kernel.shm_rmid_forced","sysctl_value":"0"},".kernel.shmall":{"id":".kernel.shmall","sysctl_value":"18446744073692774399"},".kernel.shmmax":{"id":".kernel.shmmax","sysctl_value":"18446744073692774399"},".kernel.shmmni":{"id":".kernel.shmmni","sysctl_value":"4096"},".kernel.soft_watchdog":{"id":".kernel.soft_watchdog","sysctl_value":"1"},".kernel.softlockup_all_cpu_backtrace":{"id":".kernel.softlockup_all_cpu_backtrace","sysctl_value":"0"},".kernel.softlockup_panic":{"id":".kernel.softlockup_panic","sysctl_value":"0"},".kernel.stack_tracer_enabled":{"id":".kernel.stack_tracer_enabled","sysctl_value":"0"},".kernel.sysctl_writes_strict":{"id":".kernel.sysctl_writes_strict","sysctl_value":"1"},".kernel.sysrq":{"id":".kernel.sysrq","sysctl_value":"176"},".kernel.tainted":{"id":".kernel.tainted","sysctl_value":"0"},".kernel.threads-max":{"id":".kernel.threads-max","sysctl_value":"15158"},".kernel.timer_migration":{"id":".kernel.timer_migration","sysctl_value":"1"},".kernel.traceoff_on_warning":{"id":".kernel.traceoff_on_warning","sysctl_value":"0"},".kernel.tracepoint_printk":{"id":".kernel.tracepoint_printk","sysctl_value":"0"},".kernel.unknown_nmi_panic":{"id":".kernel.unknown_nmi_panic","sysctl_value":"0"},".kernel.unprivileged_bpf_disabled":{"id":".kernel.unprivileged_bpf_disabled","sysctl_value":"2"},".kernel.unprivileged_userns_apparmor_policy":{"id":".kernel.unprivileged_userns_apparmor_policy","sysctl_value":"1"},".kernel.unprivileged_userns_clone":{"id":".kernel.unprivileged_userns_clone","sysctl_value":"1"},".kernel.watchdog":{"id":".kernel.watchdog","sysctl_value":"1"},".kernel.watchdog_cpumask":{"id":".kernel.watchdog_cpumask","sysctl_value":"0-1"},".kernel.watchdog_thresh":{"id":".kernel.watchdog_thresh","sysctl_value":"10"},".kernel.yama.ptrace_scope":{"id":".kernel.yama.ptrace_scope","sysctl_value":"1"},".net.core.bpf_jit_enable":{"id":".net.core.bpf_jit_enable","sysctl_value":"1"},".net.core.bpf_jit_limit":{"id":".net.core.bpf_jit_limit","sysctl_value":"264241152"},".net.core.busy_poll":{"id":".net.core.busy_poll","sysctl_value":"0"},".net.core.busy_read":{"id":".net.core.busy_read","sysctl_value":"0"},".net.core.default_qdisc":{"id":".net.core.default_qdisc","sysctl_value":"fq_codel"},".net.core.dev_weight":{"id":".net.core.dev_weight","sysctl_value":"64"},".net.core.dev_weight_rx_bias":{"id":".net.core.dev_weight_rx_bias","sysctl_value":"1"},".net.core.dev_weight_tx_bias":{"id":".net.core.dev_weight_tx_bias","sysctl_value":"1"},".net.core.devconf_inherit_init_net":{"id":".net.core.devconf_inherit_init_net","sysctl_value":"0"},".net.core.fb_tunnels_only_for_init_net":{"id":".net.core.fb_tunnels_only_for_init_net","sysctl_value":"0"},".net.core.flow_limit_cpu_bitmap":{"id":".net.core.flow_limit_cpu_bitmap","sysctl_value":"0"},".net.core.flow_limit_table_len":{"id":".net.core.flow_limit_table_len","sysctl_value":"4096"},".net.core.gro_normal_batch":{"id":".net.core.gro_normal_batch","sysctl_value":"8"},".net.core.high_order_alloc_disable":{"id":".net.core.high_order_alloc_disable","sysctl_value":"0"},".net.core.max_skb_frags":{"id":".net.core.max_skb_frags","sysctl_value":"17"},".net.core.message_burst":{"id":".net.core.message_burst","sysctl_value":"10"},".net.core.message_cost":{"id":".net.core.message_cost","sysctl_value":"5"},".net.core.netdev_budget":{"id":".net.core.netdev_budget","sysctl_value":"300"},".net.core.netdev_budget_usecs":{"id":".net.core.netdev_budget_usecs","sysctl_value":"8000"},".net.core.netdev_max_backlog":{"id":".net.core.netdev_max_backlog","sysctl_value":"1000"},".net.core.netdev_tstamp_prequeue":{"id":".net.core.netdev_tstamp_prequeue","sysctl_value":"1"},".net.core.optmem_max":{"id":".net.core.optmem_max","sysctl_value":"20480"},".net.core.rmem_default":{"id":".net.core.rmem_default","sysctl_value":"212992"},".net.core.rmem_max":{"id":".net.core.rmem_max","sysctl_value":"212992"},".net.core.rps_sock_flow_entries":{"id":".net.core.rps_sock_flow_entries","sysctl_value":"0"},".net.core.somaxconn":{"id":".net.core.somaxconn","sysctl_value":"4096"},".net.core.tstamp_allow_data":{"id":".net.core.tstamp_allow_data","sysctl_value":"1"},".net.core.warnings":{"id":".net.core.warnings","sysctl_value":"0"},".net.core.wmem_default":{"id":".net.core.wmem_default","sysctl_value":"212992"},".net.core.wmem_max":{"id":".net.core.wmem_max","sysctl_value":"212992"},".net.core.xfrm_acq_expires":{"id":".net.core.xfrm_acq_expires","sysctl_value":"30"},".net.core.xfrm_aevent_etime":{"id":".net.core.xfrm_aevent_etime","sysctl_value":"10"},".net.core.xfrm_aevent_rseqth":{"id":".net.core.xfrm_aevent_rseqth","sysctl_value":"2"},".net.core.xfrm_larval_drop":{"id":".net.core.xfrm_larval_drop","sysctl_value":"1"},".net.ipv4.cipso_cache_bucket_size":{"id":".net.ipv4.cipso_cache_bucket_size","sysctl_value":"10"},".net.ipv4.cipso_cache_enable":{"id":".net.ipv4.cipso_cache_enable","sysctl_value":"1"},".net.ipv4.cipso_rbm_optfmt":{"id":".net.ipv4.cipso_rbm_optfmt","sysctl_value":"0"},".net.ipv4.cipso_rbm_strictvalid":{"id":".net.ipv4.cipso_rbm_strictvalid","sysctl_value":"1"},".net.ipv4.conf.all.accept_local":{"id":".net.ipv4.conf.all.accept_local","sysctl_value":"0"},".net.ipv4.conf.all.accept_redirects":{"id":".net.ipv4.conf.all.accept_redirects","sysctl_value":"1"},".net.ipv4.conf.all.accept_source_route":{"id":".net.ipv4.conf.all.accept_source_route","sysctl_value":"0"},".net.ipv4.conf.all.arp_accept":{"id":".net.ipv4.conf.all.arp_accept","sysctl_value":"0"},".net.ipv4.conf.all.arp_announce":{"id":".net.ipv4.conf.all.arp_announce","sysctl_value":"0"},".net.ipv4.conf.all.arp_filter":{"id":".net.ipv4.conf.all.arp_filter","sysctl_value":"0"},".net.ipv4.conf.all.arp_ignore":{"id":".net.ipv4.conf.all.arp_ignore","sysctl_value":"0"},".net.ipv4.conf.all.arp_notify":{"id":".net.ipv4.conf.all.arp_notify","sysctl_value":"0"},".net.ipv4.conf.all.bc_forwarding":{"id":".net.ipv4.conf.all.bc_forwarding","sysctl_value":"0"},".net.ipv4.conf.all.bootp_relay":{"id":".net.ipv4.conf.all.bootp_relay","sysctl_value":"0"},".net.ipv4.conf.all.disable_policy":{"id":".net.ipv4.conf.all.disable_policy","sysctl_value":"0"},".net.ipv4.conf.all.disable_xfrm":{"id":".net.ipv4.conf.all.disable_xfrm","sysctl_value":"0"},".net.ipv4.conf.all.drop_gratuitous_arp":{"id":".net.ipv4.conf.all.drop_gratuitous_arp","sysctl_value":"0"},".net.ipv4.conf.all.drop_unicast_in_l2_multicast":{"id":".net.ipv4.conf.all.drop_unicast_in_l2_multicast","sysctl_value":"0"},".net.ipv4.conf.all.force_igmp_version":{"id":".net.ipv4.conf.all.force_igmp_version","sysctl_value":"0"},".net.ipv4.conf.all.forwarding":{"id":".net.ipv4.conf.all.forwarding","sysctl_value":"0"},".net.ipv4.conf.all.igmpv2_unsolicited_report_interval":{"id":".net.ipv4.conf.all.igmpv2_unsolicited_report_interval","sysctl_value":"10000"},".net.ipv4.conf.all.igmpv3_unsolicited_report_interval":{"id":".net.ipv4.conf.all.igmpv3_unsolicited_report_interval","sysctl_value":"1000"},".net.ipv4.conf.all.ignore_routes_with_linkdown":{"id":".net.ipv4.conf.all.ignore_routes_with_linkdown","sysctl_value":"0"},".net.ipv4.conf.all.log_martians":{"id":".net.ipv4.conf.all.log_martians","sysctl_value":"0"},".net.ipv4.conf.all.medium_id":{"id":".net.ipv4.conf.all.medium_id","sysctl_value":"0"},".net.ipv4.conf.all.promote_secondaries":{"id":".net.ipv4.conf.all.promote_secondaries","sysctl_value":"0"},".net.ipv4.conf.all.proxy_arp":{"id":".net.ipv4.conf.all.proxy_arp","sysctl_value":"0"},".net.ipv4.conf.all.proxy_arp_pvlan":{"id":".net.ipv4.conf.all.proxy_arp_pvlan","sysctl_value":"0"},".net.ipv4.conf.all.route_localnet":{"id":".net.ipv4.conf.all.route_localnet","sysctl_value":"0"},".net.ipv4.conf.all.rp_filter":{"id":".net.ipv4.conf.all.rp_filter","sysctl_value":"2"},".net.ipv4.conf.all.secure_redirects":{"id":".net.ipv4.conf.all.secure_redirects","sysctl_value":"1"},".net.ipv4.conf.all.send_redirects":{"id":".net.ipv4.conf.all.send_redirects","sysctl_value":"1"},".net.ipv4.conf.all.shared_media":{"id":".net.ipv4.conf.all.shared_media","sysctl_value":"1"},".net.ipv4.conf.all.src_valid_mark":{"id":".net.ipv4.conf.all.src_valid_mark","sysctl_value":"0"},".net.ipv4.conf.all.tag":{"id":".net.ipv4.conf.all.tag","sysctl_value":"0"},".net.ipv4.conf.default.accept_local":{"id":".net.ipv4.conf.default.accept_local","sysctl_value":"0"},".net.ipv4.conf.default.accept_redirects":{"id":".net.ipv4.conf.default.accept_redirects","sysctl_value":"1"},".net.ipv4.conf.default.accept_source_route":{"id":".net.ipv4.conf.default.accept_source_route","sysctl_value":"1"},".net.ipv4.conf.default.arp_accept":{"id":".net.ipv4.conf.default.arp_accept","sysctl_value":"0"},".net.ipv4.conf.default.arp_announce":{"id":".net.ipv4.conf.default.arp_announce","sysctl_value":"0"},".net.ipv4.conf.default.arp_filter":{"id":".net.ipv4.conf.default.arp_filter","sysctl_value":"0"},".net.ipv4.conf.default.arp_ignore":{"id":".net.ipv4.conf.default.arp_ignore","sysctl_value":"0"},".net.ipv4.conf.default.arp_notify":{"id":".net.ipv4.conf.default.arp_notify","sysctl_value":"0"},".net.ipv4.conf.default.bc_forwarding":{"id":".net.ipv4.conf.default.bc_forwarding","sysctl_value":"0"},".net.ipv4.conf.default.bootp_relay":{"id":".net.ipv4.conf.default.bootp_relay","sysctl_value":"0"},".net.ipv4.conf.default.disable_policy":{"id":".net.ipv4.conf.default.disable_policy","sysctl_value":"0"},".net.ipv4.conf.default.disable_xfrm":{"id":".net.ipv4.conf.default.disable_xfrm","sysctl_value":"0"},".net.ipv4.conf.default.drop_gratuitous_arp":{"id":".net.ipv4.conf.default.drop_gratuitous_arp","sysctl_value":"0"},".net.ipv4.conf.default.drop_unicast_in_l2_multicast":{"id":".net.ipv4.conf.default.drop_unicast_in_l2_multicast","sysctl_value":"0"},".net.ipv4.conf.default.force_igmp_version":{"id":".net.ipv4.conf.default.force_igmp_version","sysctl_value":"0"},".net.ipv4.conf.default.forwarding":{"id":".net.ipv4.conf.default.forwarding","sysctl_value":"0"},".net.ipv4.conf.default.igmpv2_unsolicited_report_interval":{"id":".net.ipv4.conf.default.igmpv2_unsolicited_report_interval","sysctl_value":"10000"},".net.ipv4.conf.default.igmpv3_unsolicited_report_interval":{"id":".net.ipv4.conf.default.igmpv3_unsolicited_report_interval","sysctl_value":"1000"},".net.ipv4.conf.default.ignore_routes_with_linkdown":{"id":".net.ipv4.conf.default.ignore_routes_with_linkdown","sysctl_value":"0"},".net.ipv4.conf.default.log_martians":{"id":".net.ipv4.conf.default.log_martians","sysctl_value":"0"},".net.ipv4.conf.default.medium_id":{"id":".net.ipv4.conf.default.medium_id","sysctl_value":"0"},".net.ipv4.conf.default.promote_secondaries":{"id":".net.ipv4.conf.default.promote_secondaries","sysctl_value":"1"},".net.ipv4.conf.default.proxy_arp":{"id":".net.ipv4.conf.default.proxy_arp","sysctl_value":"0"},".net.ipv4.conf.default.proxy_arp_pvlan":{"id":".net.ipv4.conf.default.proxy_arp_pvlan","sysctl_value":"0"},".net.ipv4.conf.default.route_localnet":{"id":".net.ipv4.conf.default.route_localnet","sysctl_value":"0"},".net.ipv4.conf.default.rp_filter":{"id":".net.ipv4.conf.default.rp_filter","sysctl_value":"2"},".net.ipv4.conf.default.secure_redirects":{"id":".net.ipv4.conf.default.secure_redirects","sysctl_value":"1"},".net.ipv4.conf.default.send_redirects":{"id":".net.ipv4.conf.default.send_redirects","sysctl_value":"1"},".net.ipv4.conf.default.shared_media":{"id":".net.ipv4.conf.default.shared_media","sysctl_value":"1"},".net.ipv4.conf.default.src_valid_mark":{"id":".net.ipv4.conf.default.src_valid_mark","sysctl_value":"0"},".net.ipv4.conf.default.tag":{"id":".net.ipv4.conf.default.tag","sysctl_value":"0"},".net.ipv4.conf.eth0.accept_local":{"id":".net.ipv4.conf.eth0.accept_local","sysctl_value":"0"},".net.ipv4.conf.eth0.accept_redirects":{"id":".net.ipv4.conf.eth0.accept_redirects","sysctl_value":"1"},".net.ipv4.conf.eth0.accept_source_route":{"id":".net.ipv4.conf.eth0.accept_source_route","sysctl_value":"1"},".net.ipv4.conf.eth0.arp_accept":{"id":".net.ipv4.conf.eth0.arp_accept","sysctl_value":"0"},".net.ipv4.conf.eth0.arp_announce":{"id":".net.ipv4.conf.eth0.arp_announce","sysctl_value":"0"},".net.ipv4.conf.eth0.arp_filter":{"id":".net.ipv4.conf.eth0.arp_filter","sysctl_value":"0"},".net.ipv4.conf.eth0.arp_ignore":{"id":".net.ipv4.conf.eth0.arp_ignore","sysctl_value":"0"},".net.ipv4.conf.eth0.arp_notify":{"id":".net.ipv4.conf.eth0.arp_notify","sysctl_value":"0"},".net.ipv4.conf.eth0.bc_forwarding":{"id":".net.ipv4.conf.eth0.bc_forwarding","sysctl_value":"0"},".net.ipv4.conf.eth0.bootp_relay":{"id":".net.ipv4.conf.eth0.bootp_relay","sysctl_value":"0"},".net.ipv4.conf.eth0.disable_policy":{"id":".net.ipv4.conf.eth0.disable_policy","sysctl_value":"0"},".net.ipv4.conf.eth0.disable_xfrm":{"id":".net.ipv4.conf.eth0.disable_xfrm","sysctl_value":"0"},".net.ipv4.conf.eth0.drop_gratuitous_arp":{"id":".net.ipv4.conf.eth0.drop_gratuitous_arp","sysctl_value":"0"},".net.ipv4.conf.eth0.drop_unicast_in_l2_multicast":{"id":".net.ipv4.conf.eth0.drop_unicast_in_l2_multicast","sysctl_value":"0"},".net.ipv4.conf.eth0.force_igmp_version":{"id":".net.ipv4.conf.eth0.force_igmp_version","sysctl_value":"0"},".net.ipv4.conf.eth0.forwarding":{"id":".net.ipv4.conf.eth0.forwarding","sysctl_value":"0"},".net.ipv4.conf.eth0.igmpv2_unsolicited_report_interval":{"id":".net.ipv4.conf.eth0.igmpv2_unsolicited_report_interval","sysctl_value":"10000"},".net.ipv4.conf.eth0.igmpv3_unsolicited_report_interval":{"id":".net.ipv4.conf.eth0.igmpv3_unsolicited_report_interval","sysctl_value":"1000"},".net.ipv4.conf.eth0.ignore_routes_with_linkdown":{"id":".net.ipv4.conf.eth0.ignore_routes_with_linkdown","sysctl_value":"0"},".net.ipv4.conf.eth0.log_martians":{"id":".net.ipv4.conf.eth0.log_martians","sysctl_value":"0"},".net.ipv4.conf.eth0.medium_id":{"id":".net.ipv4.conf.eth0.medium_id","sysctl_value":"0"},".net.ipv4.conf.eth0.promote_secondaries":{"id":".net.ipv4.conf.eth0.promote_secondaries","sysctl_value":"1"},".net.ipv4.conf.eth0.proxy_arp":{"id":".net.ipv4.conf.eth0.proxy_arp","sysctl_value":"0"},".net.ipv4.conf.eth0.proxy_arp_pvlan":{"id":".net.ipv4.conf.eth0.proxy_arp_pvlan","sysctl_value":"0"},".net.ipv4.conf.eth0.route_localnet":{"id":".net.ipv4.conf.eth0.route_localnet","sysctl_value":"0"},".net.ipv4.conf.eth0.rp_filter":{"id":".net.ipv4.conf.eth0.rp_filter","sysctl_value":"2"},".net.ipv4.conf.eth0.secure_redirects":{"id":".net.ipv4.conf.eth0.secure_redirects","sysctl_value":"1"},".net.ipv4.conf.eth0.send_redirects":{"id":".net.ipv4.conf.eth0.send_redirects","sysctl_value":"1"},".net.ipv4.conf.eth0.shared_media":{"id":".net.ipv4.conf.eth0.shared_media","sysctl_value":"1"},".net.ipv4.conf.eth0.src_valid_mark":{"id":".net.ipv4.conf.eth0.src_valid_mark","sysctl_value":"0"},".net.ipv4.conf.eth0.tag":{"id":".net.ipv4.conf.eth0.tag","sysctl_value":"0"},".net.ipv4.conf.lo.accept_local":{"id":".net.ipv4.conf.lo.accept_local","sysctl_value":"0"},".net.ipv4.conf.lo.accept_redirects":{"id":".net.ipv4.conf.lo.accept_redirects","sysctl_value":"1"},".net.ipv4.conf.lo.accept_source_route":{"id":".net.ipv4.conf.lo.accept_source_route","sysctl_value":"1"},".net.ipv4.conf.lo.arp_accept":{"id":".net.ipv4.conf.lo.arp_accept","sysctl_value":"0"},".net.ipv4.conf.lo.arp_announce":{"id":".net.ipv4.conf.lo.arp_announce","sysctl_value":"0"},".net.ipv4.conf.lo.arp_filter":{"id":".net.ipv4.conf.lo.arp_filter","sysctl_value":"0"},".net.ipv4.conf.lo.arp_ignore":{"id":".net.ipv4.conf.lo.arp_ignore","sysctl_value":"0"},".net.ipv4.conf.lo.arp_notify":{"id":".net.ipv4.conf.lo.arp_notify","sysctl_value":"0"},".net.ipv4.conf.lo.bc_forwarding":{"id":".net.ipv4.conf.lo.bc_forwarding","sysctl_value":"0"},".net.ipv4.conf.lo.bootp_relay":{"id":".net.ipv4.conf.lo.bootp_relay","sysctl_value":"0"},".net.ipv4.conf.lo.disable_policy":{"id":".net.ipv4.conf.lo.disable_policy","sysctl_value":"1"},".net.ipv4.conf.lo.disable_xfrm":{"id":".net.ipv4.conf.lo.disable_xfrm","sysctl_value":"1"},".net.ipv4.conf.lo.drop_gratuitous_arp":{"id":".net.ipv4.conf.lo.drop_gratuitous_arp","sysctl_value":"0"},".net.ipv4.conf.lo.drop_unicast_in_l2_multicast":{"id":".net.ipv4.conf.lo.drop_unicast_in_l2_multicast","sysctl_value":"0"},".net.ipv4.conf.lo.force_igmp_version":{"id":".net.ipv4.conf.lo.force_igmp_version","sysctl_value":"0"},".net.ipv4.conf.lo.forwarding":{"id":".net.ipv4.conf.lo.forwarding","sysctl_value":"0"},".net.ipv4.conf.lo.igmpv2_unsolicited_report_interval":{"id":".net.ipv4.conf.lo.igmpv2_unsolicited_report_interval","sysctl_value":"10000"},".net.ipv4.conf.lo.igmpv3_unsolicited_report_interval":{"id":".net.ipv4.conf.lo.igmpv3_unsolicited_report_interval","sysctl_value":"1000"},".net.ipv4.conf.lo.ignore_routes_with_linkdown":{"id":".net.ipv4.conf.lo.ignore_routes_with_linkdown","sysctl_value":"0"},".net.ipv4.conf.lo.log_martians":{"id":".net.ipv4.conf.lo.log_martians","sysctl_value":"0"},".net.ipv4.conf.lo.medium_id":{"id":".net.ipv4.conf.lo.medium_id","sysctl_value":"0"},".net.ipv4.conf.lo.promote_secondaries":{"id":".net.ipv4.conf.lo.promote_secondaries","sysctl_value":"1"},".net.ipv4.conf.lo.proxy_arp":{"id":".net.ipv4.conf.lo.proxy_arp","sysctl_value":"0"},".net.ipv4.conf.lo.proxy_arp_pvlan":{"id":".net.ipv4.conf.lo.proxy_arp_pvlan","sysctl_value":"0"},".net.ipv4.conf.lo.route_localnet":{"id":".net.ipv4.conf.lo.route_localnet","sysctl_value":"0"},".net.ipv4.conf.lo.rp_filter":{"id":".net.ipv4.conf.lo.rp_filter","sysctl_value":"0"},".net.ipv4.conf.lo.secure_redirects":{"id":".net.ipv4.conf.lo.secure_redirects","sysctl_value":"1"},".net.ipv4.conf.lo.send_redirects":{"id":".net.ipv4.conf.lo.send_redirects","sysctl_value":"1"},".net.ipv4.conf.lo.shared_media":{"id":".net.ipv4.conf.lo.shared_media","sysctl_value":"1"},".net.ipv4.conf.lo.src_valid_mark":{"id":".net.ipv4.conf.lo.src_valid_mark","sysctl_value":"0"},".net.ipv4.conf.lo.tag":{"id":".net.ipv4.conf.lo.tag","sysctl_value":"0"},".net.ipv4.fib_multipath_hash_policy":{"id":".net.ipv4.fib_multipath_hash_policy","sysctl_value":"0"},".net.ipv4.fib_multipath_use_neigh":{"id":".net.ipv4.fib_multipath_use_neigh","sysctl_value":"0"},".net.ipv4.fib_sync_mem":{"id":".net.ipv4.fib_sync_mem","sysctl_value":"524288"},".net.ipv4.fwmark_reflect":{"id":".net.ipv4.fwmark_reflect","sysctl_value":"0"},".net.ipv4.icmp_echo_ignore_all":{"id":".net.ipv4.icmp_echo_ignore_all","sysctl_value":"0"},".net.ipv4.icmp_echo_ignore_broadcasts":{"id":".net.ipv4.icmp_echo_ignore_broadcasts","sysctl_value":"1"},".net.ipv4.icmp_errors_use_inbound_ifaddr":{"id":".net.ipv4.icmp_errors_use_inbound_ifaddr","sysctl_value":"0"},".net.ipv4.icmp_ignore_bogus_error_responses":{"id":".net.ipv4.icmp_ignore_bogus_error_responses","sysctl_value":"1"},".net.ipv4.icmp_msgs_burst":{"id":".net.ipv4.icmp_msgs_burst","sysctl_value":"50"},".net.ipv4.icmp_msgs_per_sec":{"id":".net.ipv4.icmp_msgs_per_sec","sysctl_value":"1000"},".net.ipv4.icmp_ratelimit":{"id":".net.ipv4.icmp_ratelimit","sysctl_value":"1000"},".net.ipv4.icmp_ratemask":{"id":".net.ipv4.icmp_ratemask","sysctl_value":"6168"},".net.ipv4.igmp_link_local_mcast_reports":{"id":".net.ipv4.igmp_link_local_mcast_reports","sysctl_value":"1"},".net.ipv4.igmp_max_memberships":{"id":".net.ipv4.igmp_max_memberships","sysctl_value":"20"},".net.ipv4.igmp_max_msf":{"id":".net.ipv4.igmp_max_msf","sysctl_value":"10"},".net.ipv4.igmp_qrv":{"id":".net.ipv4.igmp_qrv","sysctl_value":"2"},".net.ipv4.inet_peer_maxttl":{"id":".net.ipv4.inet_peer_maxttl","sysctl_value":"600"},".net.ipv4.inet_peer_minttl":{"id":".net.ipv4.inet_peer_minttl","sysctl_value":"120"},".net.ipv4.inet_peer_threshold":{"id":".net.ipv4.inet_peer_threshold","sysctl_value":"65664"},".net.ipv4.ip_default_ttl":{"id":".net.ipv4.ip_default_ttl","sysctl_value":"64"},".net.ipv4.ip_dynaddr":{"id":".net.ipv4.ip_dynaddr","sysctl_value":"0"},".net.ipv4.ip_early_demux":{"id":".net.ipv4.ip_early_demux","sysctl_value":"1"},".net.ipv4.ip_forward":{"id":".net.ipv4.ip_forward","sysctl_value":"0"},".net.ipv4.ip_forward_update_priority":{"id":".net.ipv4.ip_forward_update_priority","sysctl_value":"1"},".net.ipv4.ip_forward_use_pmtu":{"id":".net.ipv4.ip_forward_use_pmtu","sysctl_value":"0"},".net.ipv4.ip_local_port_range":{"id":".net.ipv4.ip_local_port_range","sysctl_value":"32768\t60999"},".net.ipv4.ip_local_reserved_ports":{"id":".net.ipv4.ip_local_reserved_ports","sysctl_value":""},".net.ipv4.ip_no_pmtu_disc":{"id":".net.ipv4.ip_no_pmtu_disc","sysctl_value":"0"},".net.ipv4.ip_nonlocal_bind":{"id":".net.ipv4.ip_nonlocal_bind","sysctl_value":"0"},".net.ipv4.ip_unprivileged_port_start":{"id":".net.ipv4.ip_unprivileged_port_start","sysctl_value":"1024"},".net.ipv4.ipfrag_high_thresh":{"id":".net.ipv4.ipfrag_high_thresh","sysctl_value":"4194304"},".net.ipv4.ipfrag_low_thresh":{"id":".net.ipv4.ipfrag_low_thresh","sysctl_value":"3145728"},".net.ipv4.ipfrag_max_dist":{"id":".net.ipv4.ipfrag_max_dist","sysctl_value":"64"},".net.ipv4.ipfrag_secret_interval":{"id":".net.ipv4.ipfrag_secret_interval","sysctl_value":"0"},".net.ipv4.ipfrag_time":{"id":".net.ipv4.ipfrag_time","sysctl_value":"30"},".net.ipv4.neigh.default.anycast_delay":{"id":".net.ipv4.neigh.default.anycast_delay","sysctl_value":"100"},".net.ipv4.neigh.default.app_solicit":{"id":".net.ipv4.neigh.default.app_solicit","sysctl_value":"0"},".net.ipv4.neigh.default.base_reachable_time_ms":{"id":".net.ipv4.neigh.default.base_reachable_time_ms","sysctl_value":"30000"},".net.ipv4.neigh.default.delay_first_probe_time":{"id":".net.ipv4.neigh.default.delay_first_probe_time","sysctl_value":"5"},".net.ipv4.neigh.default.gc_interval":{"id":".net.ipv4.neigh.default.gc_interval","sysctl_value":"30"},".net.ipv4.neigh.default.gc_stale_time":{"id":".net.ipv4.neigh.default.gc_stale_time","sysctl_value":"60"},".net.ipv4.neigh.default.gc_thresh1":{"id":".net.ipv4.neigh.default.gc_thresh1","sysctl_value":"128"},".net.ipv4.neigh.default.gc_thresh2":{"id":".net.ipv4.neigh.default.gc_thresh2","sysctl_value":"512"},".net.ipv4.neigh.default.gc_thresh3":{"id":".net.ipv4.neigh.default.gc_thresh3","sysctl_value":"1024"},".net.ipv4.neigh.default.locktime":{"id":".net.ipv4.neigh.default.locktime","sysctl_value":"100"},".net.ipv4.neigh.default.mcast_resolicit":{"id":".net.ipv4.neigh.default.mcast_resolicit","sysctl_value":"0"},".net.ipv4.neigh.default.mcast_solicit":{"id":".net.ipv4.neigh.default.mcast_solicit","sysctl_value":"3"},".net.ipv4.neigh.default.proxy_delay":{"id":".net.ipv4.neigh.default.proxy_delay","sysctl_value":"80"},".net.ipv4.neigh.default.proxy_qlen":{"id":".net.ipv4.neigh.default.proxy_qlen","sysctl_value":"64"},".net.ipv4.neigh.default.retrans_time":{"id":".net.ipv4.neigh.default.retrans_time","sysctl_value":"100"},".net.ipv4.neigh.default.retrans_time_ms":{"id":".net.ipv4.neigh.default.retrans_time_ms","sysctl_value":"1000"},".net.ipv4.neigh.default.ucast_solicit":{"id":".net.ipv4.neigh.default.ucast_solicit","sysctl_value":"3"},".net.ipv4.neigh.default.unres_qlen":{"id":".net.ipv4.neigh.default.unres_qlen","sysctl_value":"101"},".net.ipv4.neigh.default.unres_qlen_bytes":{"id":".net.ipv4.neigh.default.unres_qlen_bytes","sysctl_value":"212992"},".net.ipv4.neigh.eth0.anycast_delay":{"id":".net.ipv4.neigh.eth0.anycast_delay","sysctl_value":"100"},".net.ipv4.neigh.eth0.app_solicit":{"id":".net.ipv4.neigh.eth0.app_solicit","sysctl_value":"0"},".net.ipv4.neigh.eth0.base_reachable_time_ms":{"id":".net.ipv4.neigh.eth0.base_reachable_time_ms","sysctl_value":"30000"},".net.ipv4.neigh.eth0.delay_first_probe_time":{"id":".net.ipv4.neigh.eth0.delay_first_probe_time","sysctl_value":"5"},".net.ipv4.neigh.eth0.gc_stale_time":{"id":".net.ipv4.neigh.eth0.gc_stale_time","sysctl_value":"60"},".net.ipv4.neigh.eth0.locktime":{"id":".net.ipv4.neigh.eth0.locktime","sysctl_value":"100"},".net.ipv4.neigh.eth0.mcast_resolicit":{"id":".net.ipv4.neigh.eth0.mcast_resolicit","sysctl_value":"0"},".net.ipv4.neigh.eth0.mcast_solicit":{"id":".net.ipv4.neigh.eth0.mcast_solicit","sysctl_value":"3"},".net.ipv4.neigh.eth0.proxy_delay":{"id":".net.ipv4.neigh.eth0.proxy_delay","sysctl_value":"80"},".net.ipv4.neigh.eth0.proxy_qlen":{"id":".net.ipv4.neigh.eth0.proxy_qlen","sysctl_value":"64"},".net.ipv4.neigh.eth0.retrans_time":{"id":".net.ipv4.neigh.eth0.retrans_time","sysctl_value":"100"},".net.ipv4.neigh.eth0.retrans_time_ms":{"id":".net.ipv4.neigh.eth0.retrans_time_ms","sysctl_value":"1000"},".net.ipv4.neigh.eth0.ucast_solicit":{"id":".net.ipv4.neigh.eth0.ucast_solicit","sysctl_value":"3"},".net.ipv4.neigh.eth0.unres_qlen":{"id":".net.ipv4.neigh.eth0.unres_qlen","sysctl_value":"101"},".net.ipv4.neigh.eth0.unres_qlen_bytes":{"id":".net.ipv4.neigh.eth0.unres_qlen_bytes","sysctl_value":"212992"},".net.ipv4.neigh.lo.anycast_delay":{"id":".net.ipv4.neigh.lo.anycast_delay","sysctl_value":"100"},".net.ipv4.neigh.lo.app_solicit":{"id":".net.ipv4.neigh.lo.app_solicit","sysctl_value":"0"},".net.ipv4.neigh.lo.base_reachable_time_ms":{"id":".net.ipv4.neigh.lo.base_reachable_time_ms","sysctl_value":"30000"},".net.ipv4.neigh.lo.delay_first_probe_time":{"id":".net.ipv4.neigh.lo.delay_first_probe_time","sysctl_value":"5"},".net.ipv4.neigh.lo.gc_stale_time":{"id":".net.ipv4.neigh.lo.gc_stale_time","sysctl_value":"60"},".net.ipv4.neigh.lo.locktime":{"id":".net.ipv4.neigh.lo.locktime","sysctl_value":"100"},".net.ipv4.neigh.lo.mcast_resolicit":{"id":".net.ipv4.neigh.lo.mcast_resolicit","sysctl_value":"0"},".net.ipv4.neigh.lo.mcast_solicit":{"id":".net.ipv4.neigh.lo.mcast_solicit","sysctl_value":"3"},".net.ipv4.neigh.lo.proxy_delay":{"id":".net.ipv4.neigh.lo.proxy_delay","sysctl_value":"80"},".net.ipv4.neigh.lo.proxy_qlen":{"id":".net.ipv4.neigh.lo.proxy_qlen","sysctl_value":"64"},".net.ipv4.neigh.lo.retrans_time":{"id":".net.ipv4.neigh.lo.retrans_time","sysctl_value":"100"},".net.ipv4.neigh.lo.retrans_time_ms":{"id":".net.ipv4.neigh.lo.retrans_time_ms","sysctl_value":"1000"},".net.ipv4.neigh.lo.ucast_solicit":{"id":".net.ipv4.neigh.lo.ucast_solicit","sysctl_value":"3"},".net.ipv4.neigh.lo.unres_qlen":{"id":".net.ipv4.neigh.lo.unres_qlen","sysctl_value":"101"},".net.ipv4.neigh.lo.unres_qlen_bytes":{"id":".net.ipv4.neigh.lo.unres_qlen_bytes","sysctl_value":"212992"},".net.ipv4.ping_group_range":{"id":".net.ipv4.ping_group_range","sysctl_value":"0\t2147483647"},".net.ipv4.raw_l3mdev_accept":{"id":".net.ipv4.raw_l3mdev_accept","sysctl_value":"1"},".net.ipv4.route.error_burst":{"id":".net.ipv4.route.error_burst","sysctl_value":"1250"},".net.ipv4.route.error_cost":{"id":".net.ipv4.route.error_cost","sysctl_value":"250"},".net.ipv4.route.gc_elasticity":{"id":".net.ipv4.route.gc_elasticity","sysctl_value":"8"},".net.ipv4.route.gc_interval":{"id":".net.ipv4.route.gc_interval","sysctl_value":"60"},".net.ipv4.route.gc_min_interval":{"id":".net.ipv4.route.gc_min_interval","sysctl_value":"0"},".net.ipv4.route.gc_min_interval_ms":{"id":".net.ipv4.route.gc_min_interval_ms","sysctl_value":"500"},".net.ipv4.route.gc_thresh":{"id":".net.ipv4.route.gc_thresh","sysctl_value":"-1"},".net.ipv4.route.gc_timeout":{"id":".net.ipv4.route.gc_timeout","sysctl_value":"300"},".net.ipv4.route.max_size":{"id":".net.ipv4.route.max_size","sysctl_value":"2147483647"},".net.ipv4.route.min_adv_mss":{"id":".net.ipv4.route.min_adv_mss","sysctl_value":"256"},".net.ipv4.route.min_pmtu":{"id":".net.ipv4.route.min_pmtu","sysctl_value":"552"},".net.ipv4.route.mtu_expires":{"id":".net.ipv4.route.mtu_expires","sysctl_value":"600"},".net.ipv4.route.redirect_load":{"id":".net.ipv4.route.redirect_load","sysctl_value":"5"},".net.ipv4.route.redirect_number":{"id":".net.ipv4.route.redirect_number","sysctl_value":"9"},".net.ipv4.route.redirect_silence":{"id":".net.ipv4.route.redirect_silence","sysctl_value":"5120"},".net.ipv4.tcp_abort_on_overflow":{"id":".net.ipv4.tcp_abort_on_overflow","sysctl_value":"0"},".net.ipv4.tcp_adv_win_scale":{"id":".net.ipv4.tcp_adv_win_scale","sysctl_value":"1"},".net.ipv4.tcp_allowed_congestion_control":{"id":".net.ipv4.tcp_allowed_congestion_control","sysctl_value":"reno cubic"},".net.ipv4.tcp_app_win":{"id":".net.ipv4.tcp_app_win","sysctl_value":"31"},".net.ipv4.tcp_autocorking":{"id":".net.ipv4.tcp_autocorking","sysctl_value":"1"},".net.ipv4.tcp_base_mss":{"id":".net.ipv4.tcp_base_mss","sysctl_value":"1024"},".net.ipv4.tcp_challenge_ack_limit":{"id":".net.ipv4.tcp_challenge_ack_limit","sysctl_value":"1000"},".net.ipv4.tcp_comp_sack_delay_ns":{"id":".net.ipv4.tcp_comp_sack_delay_ns","sysctl_value":"1000000"},".net.ipv4.tcp_comp_sack_nr":{"id":".net.ipv4.tcp_comp_sack_nr","sysctl_value":"44"},".net.ipv4.tcp_congestion_control":{"id":".net.ipv4.tcp_congestion_control","sysctl_value":"cubic"},".net.ipv4.tcp_dsack":{"id":".net.ipv4.tcp_dsack","sysctl_value":"1"},".net.ipv4.tcp_early_demux":{"id":".net.ipv4.tcp_early_demux","sysctl_value":"1"},".net.ipv4.tcp_early_retrans":{"id":".net.ipv4.tcp_early_retrans","sysctl_value":"3"},".net.ipv4.tcp_ecn":{"id":".net.ipv4.tcp_ecn","sysctl_value":"2"},".net.ipv4.tcp_ecn_fallback":{"id":".net.ipv4.tcp_ecn_fallback","sysctl_value":"1"},".net.ipv4.tcp_fack":{"id":".net.ipv4.tcp_fack","sysctl_value":"0"},".net.ipv4.tcp_fastopen":{"id":".net.ipv4.tcp_fastopen","sysctl_value":"1"},".net.ipv4.tcp_fastopen_blackhole_timeout_sec":{"id":".net.ipv4.tcp_fastopen_blackhole_timeout_sec","sysctl_value":"3600"},".net.ipv4.tcp_fin_timeout":{"id":".net.ipv4.tcp_fin_timeout","sysctl_value":"60"},".net.ipv4.tcp_frto":{"id":".net.ipv4.tcp_frto","sysctl_value":"2"},".net.ipv4.tcp_fwmark_accept":{"id":".net.ipv4.tcp_fwmark_accept","sysctl_value":"0"},".net.ipv4.tcp_invalid_ratelimit":{"id":".net.ipv4.tcp_invalid_ratelimit","sysctl_value":"500"},".net.ipv4.tcp_keepalive_intvl":{"id":".net.ipv4.tcp_keepalive_intvl","sysctl_value":"75"},".net.ipv4.tcp_keepalive_probes":{"id":".net.ipv4.tcp_keepalive_probes","sysctl_value":"9"},".net.ipv4.tcp_keepalive_time":{"id":".net.ipv4.tcp_keepalive_time","sysctl_value":"7200"},".net.ipv4.tcp_l3mdev_accept":{"id":".net.ipv4.tcp_l3mdev_accept","sysctl_value":"0"},".net.ipv4.tcp_limit_output_bytes":{"id":".net.ipv4.tcp_limit_output_bytes","sysctl_value":"1048576"},".net.ipv4.tcp_low_latency":{"id":".net.ipv4.tcp_low_latency","sysctl_value":"0"},".net.ipv4.tcp_max_orphans":{"id":".net.ipv4.tcp_max_orphans","sysctl_value":"8192"},".net.ipv4.tcp_max_reordering":{"id":".net.ipv4.tcp_max_reordering","sysctl_value":"300"},".net.ipv4.tcp_max_syn_backlog":{"id":".net.ipv4.tcp_max_syn_backlog","sysctl_value":"128"},".net.ipv4.tcp_max_tw_buckets":{"id":".net.ipv4.tcp_max_tw_buckets","sysctl_value":"8192"},".net.ipv4.tcp_mem":{"id":".net.ipv4.tcp_mem","sysctl_value":"21945\t29262\t43890"},".net.ipv4.tcp_min_rtt_wlen":{"id":".net.ipv4.tcp_min_rtt_wlen","sysctl_value":"300"},".net.ipv4.tcp_min_snd_mss":{"id":".net.ipv4.tcp_min_snd_mss","sysctl_value":"48"},".net.ipv4.tcp_min_tso_segs":{"id":".net.ipv4.tcp_min_tso_segs","sysctl_value":"2"},".net.ipv4.tcp_moderate_rcvbuf":{"id":".net.ipv4.tcp_moderate_rcvbuf","sysctl_value":"1"},".net.ipv4.tcp_mtu_probe_floor":{"id":".net.ipv4.tcp_mtu_probe_floor","sysctl_value":"48"},".net.ipv4.tcp_mtu_probing":{"id":".net.ipv4.tcp_mtu_probing","sysctl_value":"0"},".net.ipv4.tcp_no_metrics_save":{"id":".net.ipv4.tcp_no_metrics_save","sysctl_value":"0"},".net.ipv4.tcp_notsent_lowat":{"id":".net.ipv4.tcp_notsent_lowat","sysctl_value":"4294967295"},".net.ipv4.tcp_orphan_retries":{"id":".net.ipv4.tcp_orphan_retries","sysctl_value":"0"},".net.ipv4.tcp_pacing_ca_ratio":{"id":".net.ipv4.tcp_pacing_ca_ratio","sysctl_value":"120"},".net.ipv4.tcp_pacing_ss_ratio":{"id":".net.ipv4.tcp_pacing_ss_ratio","sysctl_value":"200"},".net.ipv4.tcp_probe_interval":{"id":".net.ipv4.tcp_probe_interval","sysctl_value":"600"},".net.ipv4.tcp_probe_threshold":{"id":".net.ipv4.tcp_probe_threshold","sysctl_value":"8"},".net.ipv4.tcp_recovery":{"id":".net.ipv4.tcp_recovery","sysctl_value":"1"},".net.ipv4.tcp_reordering":{"id":".net.ipv4.tcp_reordering","sysctl_value":"3"},".net.ipv4.tcp_retrans_collapse":{"id":".net.ipv4.tcp_retrans_collapse","sysctl_value":"1"},".net.ipv4.tcp_retries1":{"id":".net.ipv4.tcp_retries1","sysctl_value":"3"},".net.ipv4.tcp_retries2":{"id":".net.ipv4.tcp_retries2","sysctl_value":"15"},".net.ipv4.tcp_rfc1337":{"id":".net.ipv4.tcp_rfc1337","sysctl_value":"0"},".net.ipv4.tcp_rmem":{"id":".net.ipv4.tcp_rmem","sysctl_value":"4096\t131072\t6291456"},".net.ipv4.tcp_rx_skb_cache":{"id":".net.ipv4.tcp_rx_skb_cache","sysctl_value":"0"},".net.ipv4.tcp_sack":{"id":".net.ipv4.tcp_sack","sysctl_value":"1"},".net.ipv4.tcp_slow_start_after_idle":{"id":".net.ipv4.tcp_slow_start_after_idle","sysctl_value":"1"},".net.ipv4.tcp_stdurg":{"id":".net.ipv4.tcp_stdurg","sysctl_value":"0"},".net.ipv4.tcp_syn_retries":{"id":".net.ipv4.tcp_syn_retries","sysctl_value":"6"},".net.ipv4.tcp_synack_retries":{"id":".net.ipv4.tcp_synack_retries","sysctl_value":"5"},".net.ipv4.tcp_syncookies":{"id":".net.ipv4.tcp_syncookies","sysctl_value":"1"},".net.ipv4.tcp_thin_linear_timeouts":{"id":".net.ipv4.tcp_thin_linear_timeouts","sysctl_value":"0"},".net.ipv4.tcp_timestamps":{"id":".net.ipv4.tcp_timestamps","sysctl_value":"1"},".net.ipv4.tcp_tso_win_divisor":{"id":".net.ipv4.tcp_tso_win_divisor","sysctl_value":"3"},".net.ipv4.tcp_tw_reuse":{"id":".net.ipv4.tcp_tw_reuse","sysctl_value":"2"},".net.ipv4.tcp_tx_skb_cache":{"id":".net.ipv4.tcp_tx_skb_cache","sysctl_value":"0"},".net.ipv4.tcp_window_scaling":{"id":".net.ipv4.tcp_window_scaling","sysctl_value":"1"},".net.ipv4.tcp_wmem":{"id":".net.ipv4.tcp_wmem","sysctl_value":"4096\t16384\t4194304"},".net.ipv4.tcp_workaround_signed_windows":{"id":".net.ipv4.tcp_workaround_signed_windows","sysctl_value":"0"},".net.ipv4.udp_early_demux":{"id":".net.ipv4.udp_early_demux","sysctl_value":"1"},".net.ipv4.udp_l3mdev_accept":{"id":".net.ipv4.udp_l3mdev_accept","sysctl_value":"0"},".net.ipv4.udp_mem":{"id":".net.ipv4.udp_mem","sysctl_value":"43893\t58525\t87786"},".net.ipv4.udp_rmem_min":{"id":".net.ipv4.udp_rmem_min","sysctl_value":"4096"},".net.ipv4.udp_wmem_min":{"id":".net.ipv4.udp_wmem_min","sysctl_value":"4096"},".net.ipv4.xfrm4_gc_thresh":{"id":".net.ipv4.xfrm4_gc_thresh","sysctl_value":"32768"},".net.ipv6.anycast_src_echo_reply":{"id":".net.ipv6.anycast_src_echo_reply","sysctl_value":"0"},".net.ipv6.auto_flowlabels":{"id":".net.ipv6.auto_flowlabels","sysctl_value":"1"},".net.ipv6.bindv6only":{"id":".net.ipv6.bindv6only","sysctl_value":"0"},".net.ipv6.calipso_cache_bucket_size":{"id":".net.ipv6.calipso_cache_bucket_size","sysctl_value":"10"},".net.ipv6.calipso_cache_enable":{"id":".net.ipv6.calipso_cache_enable","sysctl_value":"1"},".net.ipv6.conf.all.accept_dad":{"id":".net.ipv6.conf.all.accept_dad","sysctl_value":"0"},".net.ipv6.conf.all.accept_ra":{"id":".net.ipv6.conf.all.accept_ra","sysctl_value":"1"},".net.ipv6.conf.all.accept_ra_defrtr":{"id":".net.ipv6.conf.all.accept_ra_defrtr","sysctl_value":"1"},".net.ipv6.conf.all.accept_ra_from_local":{"id":".net.ipv6.conf.all.accept_ra_from_local","sysctl_value":"0"},".net.ipv6.conf.all.accept_ra_min_hop_limit":{"id":".net.ipv6.conf.all.accept_ra_min_hop_limit","sysctl_value":"1"},".net.ipv6.conf.all.accept_ra_mtu":{"id":".net.ipv6.conf.all.accept_ra_mtu","sysctl_value":"1"},".net.ipv6.conf.all.accept_ra_pinfo":{"id":".net.ipv6.conf.all.accept_ra_pinfo","sysctl_value":"1"},".net.ipv6.conf.all.accept_ra_rt_info_max_plen":{"id":".net.ipv6.conf.all.accept_ra_rt_info_max_plen","sysctl_value":"0"},".net.ipv6.conf.all.accept_ra_rt_info_min_plen":{"id":".net.ipv6.conf.all.accept_ra_rt_info_min_plen","sysctl_value":"0"},".net.ipv6.conf.all.accept_ra_rtr_pref":{"id":".net.ipv6.conf.all.accept_ra_rtr_pref","sysctl_value":"1"},".net.ipv6.conf.all.accept_redirects":{"id":".net.ipv6.conf.all.accept_redirects","sysctl_value":"1"},".net.ipv6.conf.all.accept_source_route":{"id":".net.ipv6.conf.all.accept_source_route","sysctl_value":"0"},".net.ipv6.conf.all.addr_gen_mode":{"id":".net.ipv6.conf.all.addr_gen_mode","sysctl_value":"0"},".net.ipv6.conf.all.autoconf":{"id":".net.ipv6.conf.all.autoconf","sysctl_value":"1"},".net.ipv6.conf.all.dad_transmits":{"id":".net.ipv6.conf.all.dad_transmits","sysctl_value":"1"},".net.ipv6.conf.all.disable_ipv6":{"id":".net.ipv6.conf.all.disable_ipv6","sysctl_value":"0"},".net.ipv6.conf.all.disable_policy":{"id":".net.ipv6.conf.all.disable_policy","sysctl_value":"0"},".net.ipv6.conf.all.drop_unicast_in_l2_multicast":{"id":".net.ipv6.conf.all.drop_unicast_in_l2_multicast","sysctl_value":"0"},".net.ipv6.conf.all.drop_unsolicited_na":{"id":".net.ipv6.conf.all.drop_unsolicited_na","sysctl_value":"0"},".net.ipv6.conf.all.enhanced_dad":{"id":".net.ipv6.conf.all.enhanced_dad","sysctl_value":"1"},".net.ipv6.conf.all.force_mld_version":{"id":".net.ipv6.conf.all.force_mld_version","sysctl_value":"0"},".net.ipv6.conf.all.force_tllao":{"id":".net.ipv6.conf.all.force_tllao","sysctl_value":"0"},".net.ipv6.conf.all.forwarding":{"id":".net.ipv6.conf.all.forwarding","sysctl_value":"0"},".net.ipv6.conf.all.hop_limit":{"id":".net.ipv6.conf.all.hop_limit","sysctl_value":"64"},".net.ipv6.conf.all.ignore_routes_with_linkdown":{"id":".net.ipv6.conf.all.ignore_routes_with_linkdown","sysctl_value":"0"},".net.ipv6.conf.all.keep_addr_on_down":{"id":".net.ipv6.conf.all.keep_addr_on_down","sysctl_value":"0"},".net.ipv6.conf.all.max_addresses":{"id":".net.ipv6.conf.all.max_addresses","sysctl_value":"16"},".net.ipv6.conf.all.max_desync_factor":{"id":".net.ipv6.conf.all.max_desync_factor","sysctl_value":"600"},".net.ipv6.conf.all.mldv1_unsolicited_report_interval":{"id":".net.ipv6.conf.all.mldv1_unsolicited_report_interval","sysctl_value":"10000"},".net.ipv6.conf.all.mldv2_unsolicited_report_interval":{"id":".net.ipv6.conf.all.mldv2_unsolicited_report_interval","sysctl_value":"1000"},".net.ipv6.conf.all.mtu":{"id":".net.ipv6.conf.all.mtu","sysctl_value":"1280"},".net.ipv6.conf.all.ndisc_notify":{"id":".net.ipv6.conf.all.ndisc_notify","sysctl_value":"0"},".net.ipv6.conf.all.ndisc_tclass":{"id":".net.ipv6.conf.all.ndisc_tclass","sysctl_value":"0"},".net.ipv6.conf.all.proxy_ndp":{"id":".net.ipv6.conf.all.proxy_ndp","sysctl_value":"0"},".net.ipv6.conf.all.regen_max_retry":{"id":".net.ipv6.conf.all.regen_max_retry","sysctl_value":"3"},".net.ipv6.conf.all.router_probe_interval":{"id":".net.ipv6.conf.all.router_probe_interval","sysctl_value":"60"},".net.ipv6.conf.all.router_solicitation_delay":{"id":".net.ipv6.conf.all.router_solicitation_delay","sysctl_value":"1"},".net.ipv6.conf.all.router_solicitation_interval":{"id":".net.ipv6.conf.all.router_solicitation_interval","sysctl_value":"4"},".net.ipv6.conf.all.router_solicitation_max_interval":{"id":".net.ipv6.conf.all.router_solicitation_max_interval","sysctl_value":"3600"},".net.ipv6.conf.all.router_solicitations":{"id":".net.ipv6.conf.all.router_solicitations","sysctl_value":"-1"},".net.ipv6.conf.all.seg6_enabled":{"id":".net.ipv6.conf.all.seg6_enabled","sysctl_value":"0"},".net.ipv6.conf.all.seg6_require_hmac":{"id":".net.ipv6.conf.all.seg6_require_hmac","sysctl_value":"0"},".net.ipv6.conf.all.suppress_frag_ndisc":{"id":".net.ipv6.conf.all.suppress_frag_ndisc","sysctl_value":"1"},".net.ipv6.conf.all.temp_prefered_lft":{"id":".net.ipv6.conf.all.temp_prefered_lft","sysctl_value":"86400"},".net.ipv6.conf.all.temp_valid_lft":{"id":".net.ipv6.conf.all.temp_valid_lft","sysctl_value":"604800"},".net.ipv6.conf.all.use_oif_addrs_only":{"id":".net.ipv6.conf.all.use_oif_addrs_only","sysctl_value":"0"},".net.ipv6.conf.all.use_tempaddr":{"id":".net.ipv6.conf.all.use_tempaddr","sysctl_value":"0"},".net.ipv6.conf.default.accept_dad":{"id":".net.ipv6.conf.default.accept_dad","sysctl_value":"1"},".net.ipv6.conf.default.accept_ra":{"id":".net.ipv6.conf.default.accept_ra","sysctl_value":"1"},".net.ipv6.conf.default.accept_ra_defrtr":{"id":".net.ipv6.conf.default.accept_ra_defrtr","sysctl_value":"1"},".net.ipv6.conf.default.accept_ra_from_local":{"id":".net.ipv6.conf.default.accept_ra_from_local","sysctl_value":"0"},".net.ipv6.conf.default.accept_ra_min_hop_limit":{"id":".net.ipv6.conf.default.accept_ra_min_hop_limit","sysctl_value":"1"},".net.ipv6.conf.default.accept_ra_mtu":{"id":".net.ipv6.conf.default.accept_ra_mtu","sysctl_value":"1"},".net.ipv6.conf.default.accept_ra_pinfo":{"id":".net.ipv6.conf.default.accept_ra_pinfo","sysctl_value":"1"},".net.ipv6.conf.default.accept_ra_rt_info_max_plen":{"id":".net.ipv6.conf.default.accept_ra_rt_info_max_plen","sysctl_value":"0"},".net.ipv6.conf.default.accept_ra_rt_info_min_plen":{"id":".net.ipv6.conf.default.accept_ra_rt_info_min_plen","sysctl_value":"0"},".net.ipv6.conf.default.accept_ra_rtr_pref":{"id":".net.ipv6.conf.default.accept_ra_rtr_pref","sysctl_value":"1"},".net.ipv6.conf.default.accept_redirects":{"id":".net.ipv6.conf.default.accept_redirects","sysctl_value":"1"},".net.ipv6.conf.default.accept_source_route":{"id":".net.ipv6.conf.default.accept_source_route","sysctl_value":"0"},".net.ipv6.conf.default.addr_gen_mode":{"id":".net.ipv6.conf.default.addr_gen_mode","sysctl_value":"0"},".net.ipv6.conf.default.autoconf":{"id":".net.ipv6.conf.default.autoconf","sysctl_value":"1"},".net.ipv6.conf.default.dad_transmits":{"id":".net.ipv6.conf.default.dad_transmits","sysctl_value":"1"},".net.ipv6.conf.default.disable_ipv6":{"id":".net.ipv6.conf.default.disable_ipv6","sysctl_value":"0"},".net.ipv6.conf.default.disable_policy":{"id":".net.ipv6.conf.default.disable_policy","sysctl_value":"0"},".net.ipv6.conf.default.drop_unicast_in_l2_multicast":{"id":".net.ipv6.conf.default.drop_unicast_in_l2_multicast","sysctl_value":"0"},".net.ipv6.conf.default.drop_unsolicited_na":{"id":".net.ipv6.conf.default.drop_unsolicited_na","sysctl_value":"0"},".net.ipv6.conf.default.enhanced_dad":{"id":".net.ipv6.conf.default.enhanced_dad","sysctl_value":"1"},".net.ipv6.conf.default.force_mld_version":{"id":".net.ipv6.conf.default.force_mld_version","sysctl_value":"0"},".net.ipv6.conf.default.force_tllao":{"id":".net.ipv6.conf.default.force_tllao","sysctl_value":"0"},".net.ipv6.conf.default.forwarding":{"id":".net.ipv6.conf.default.forwarding","sysctl_value":"0"},".net.ipv6.conf.default.hop_limit":{"id":".net.ipv6.conf.default.hop_limit","sysctl_value":"64"},".net.ipv6.conf.default.ignore_routes_with_linkdown":{"id":".net.ipv6.conf.default.ignore_routes_with_linkdown","sysctl_value":"0"},".net.ipv6.conf.default.keep_addr_on_down":{"id":".net.ipv6.conf.default.keep_addr_on_down","sysctl_value":"0"},".net.ipv6.conf.default.max_addresses":{"id":".net.ipv6.conf.default.max_addresses","sysctl_value":"16"},".net.ipv6.conf.default.max_desync_factor":{"id":".net.ipv6.conf.default.max_desync_factor","sysctl_value":"600"},".net.ipv6.conf.default.mldv1_unsolicited_report_interval":{"id":".net.ipv6.conf.default.mldv1_unsolicited_report_interval","sysctl_value":"10000"},".net.ipv6.conf.default.mldv2_unsolicited_report_interval":{"id":".net.ipv6.conf.default.mldv2_unsolicited_report_interval","sysctl_value":"1000"},".net.ipv6.conf.default.mtu":{"id":".net.ipv6.conf.default.mtu","sysctl_value":"1280"},".net.ipv6.conf.default.ndisc_notify":{"id":".net.ipv6.conf.default.ndisc_notify","sysctl_value":"0"},".net.ipv6.conf.default.ndisc_tclass":{"id":".net.ipv6.conf.default.ndisc_tclass","sysctl_value":"0"},".net.ipv6.conf.default.proxy_ndp":{"id":".net.ipv6.conf.default.proxy_ndp","sysctl_value":"0"},".net.ipv6.conf.default.regen_max_retry":{"id":".net.ipv6.conf.default.regen_max_retry","sysctl_value":"3"},".net.ipv6.conf.default.router_probe_interval":{"id":".net.ipv6.conf.default.router_probe_interval","sysctl_value":"60"},".net.ipv6.conf.default.router_solicitation_delay":{"id":".net.ipv6.conf.default.router_solicitation_delay","sysctl_value":"1"},".net.ipv6.conf.default.router_solicitation_interval":{"id":".net.ipv6.conf.default.router_solicitation_interval","sysctl_value":"4"},".net.ipv6.conf.default.router_solicitation_max_interval":{"id":".net.ipv6.conf.default.router_solicitation_max_interval","sysctl_value":"3600"},".net.ipv6.conf.default.router_solicitations":{"id":".net.ipv6.conf.default.router_solicitations","sysctl_value":"-1"},".net.ipv6.conf.default.seg6_enabled":{"id":".net.ipv6.conf.default.seg6_enabled","sysctl_value":"0"},".net.ipv6.conf.default.seg6_require_hmac":{"id":".net.ipv6.conf.default.seg6_require_hmac","sysctl_value":"0"},".net.ipv6.conf.default.suppress_frag_ndisc":{"id":".net.ipv6.conf.default.suppress_frag_ndisc","sysctl_value":"1"},".net.ipv6.conf.default.temp_prefered_lft":{"id":".net.ipv6.conf.default.temp_prefered_lft","sysctl_value":"86400"},".net.ipv6.conf.default.temp_valid_lft":{"id":".net.ipv6.conf.default.temp_valid_lft","sysctl_value":"604800"},".net.ipv6.conf.default.use_oif_addrs_only":{"id":".net.ipv6.conf.default.use_oif_addrs_only","sysctl_value":"0"},".net.ipv6.conf.default.use_tempaddr":{"id":".net.ipv6.conf.default.use_tempaddr","sysctl_value":"0"},".net.ipv6.conf.eth0.accept_dad":{"id":".net.ipv6.conf.eth0.accept_dad","sysctl_value":"1"},".net.ipv6.conf.eth0.accept_ra":{"id":".net.ipv6.conf.eth0.accept_ra","sysctl_value":"1"},".net.ipv6.conf.eth0.accept_ra_defrtr":{"id":".net.ipv6.conf.eth0.accept_ra_defrtr","sysctl_value":"1"},".net.ipv6.conf.eth0.accept_ra_from_local":{"id":".net.ipv6.conf.eth0.accept_ra_from_local","sysctl_value":"0"},".net.ipv6.conf.eth0.accept_ra_min_hop_limit":{"id":".net.ipv6.conf.eth0.accept_ra_min_hop_limit","sysctl_value":"1"},".net.ipv6.conf.eth0.accept_ra_mtu":{"id":".net.ipv6.conf.eth0.accept_ra_mtu","sysctl_value":"1"},".net.ipv6.conf.eth0.accept_ra_pinfo":{"id":".net.ipv6.conf.eth0.accept_ra_pinfo","sysctl_value":"1"},".net.ipv6.conf.eth0.accept_ra_rt_info_max_plen":{"id":".net.ipv6.conf.eth0.accept_ra_rt_info_max_plen","sysctl_value":"0"},".net.ipv6.conf.eth0.accept_ra_rt_info_min_plen":{"id":".net.ipv6.conf.eth0.accept_ra_rt_info_min_plen","sysctl_value":"0"},".net.ipv6.conf.eth0.accept_ra_rtr_pref":{"id":".net.ipv6.conf.eth0.accept_ra_rtr_pref","sysctl_value":"1"},".net.ipv6.conf.eth0.accept_redirects":{"id":".net.ipv6.conf.eth0.accept_redirects","sysctl_value":"1"},".net.ipv6.conf.eth0.accept_source_route":{"id":".net.ipv6.conf.eth0.accept_source_route","sysctl_value":"0"},".net.ipv6.conf.eth0.addr_gen_mode":{"id":".net.ipv6.conf.eth0.addr_gen_mode","sysctl_value":"0"},".net.ipv6.conf.eth0.autoconf":{"id":".net.ipv6.conf.eth0.autoconf","sysctl_value":"1"},".net.ipv6.conf.eth0.dad_transmits":{"id":".net.ipv6.conf.eth0.dad_transmits","sysctl_value":"1"},".net.ipv6.conf.eth0.disable_ipv6":{"id":".net.ipv6.conf.eth0.disable_ipv6","sysctl_value":"0"},".net.ipv6.conf.eth0.disable_policy":{"id":".net.ipv6.conf.eth0.disable_policy","sysctl_value":"0"},".net.ipv6.conf.eth0.drop_unicast_in_l2_multicast":{"id":".net.ipv6.conf.eth0.drop_unicast_in_l2_multicast","sysctl_value":"0"},".net.ipv6.conf.eth0.drop_unsolicited_na":{"id":".net.ipv6.conf.eth0.drop_unsolicited_na","sysctl_value":"0"},".net.ipv6.conf.eth0.enhanced_dad":{"id":".net.ipv6.conf.eth0.enhanced_dad","sysctl_value":"1"},".net.ipv6.conf.eth0.force_mld_version":{"id":".net.ipv6.conf.eth0.force_mld_version","sysctl_value":"0"},".net.ipv6.conf.eth0.force_tllao":{"id":".net.ipv6.conf.eth0.force_tllao","sysctl_value":"0"},".net.ipv6.conf.eth0.forwarding":{"id":".net.ipv6.conf.eth0.forwarding","sysctl_value":"0"},".net.ipv6.conf.eth0.hop_limit":{"id":".net.ipv6.conf.eth0.hop_limit","sysctl_value":"64"},".net.ipv6.conf.eth0.ignore_routes_with_linkdown":{"id":".net.ipv6.conf.eth0.ignore_routes_with_linkdown","sysctl_value":"0"},".net.ipv6.conf.eth0.keep_addr_on_down":{"id":".net.ipv6.conf.eth0.keep_addr_on_down","sysctl_value":"0"},".net.ipv6.conf.eth0.max_addresses":{"id":".net.ipv6.conf.eth0.max_addresses","sysctl_value":"16"},".net.ipv6.conf.eth0.max_desync_factor":{"id":".net.ipv6.conf.eth0.max_desync_factor","sysctl_value":"600"},".net.ipv6.conf.eth0.mldv1_unsolicited_report_interval":{"id":".net.ipv6.conf.eth0.mldv1_unsolicited_report_interval","sysctl_value":"10000"},".net.ipv6.conf.eth0.mldv2_unsolicited_report_interval":{"id":".net.ipv6.conf.eth0.mldv2_unsolicited_report_interval","sysctl_value":"1000"},".net.ipv6.conf.eth0.mtu":{"id":".net.ipv6.conf.eth0.mtu","sysctl_value":"1500"},".net.ipv6.conf.eth0.ndisc_notify":{"id":".net.ipv6.conf.eth0.ndisc_notify","sysctl_value":"0"},".net.ipv6.conf.eth0.ndisc_tclass":{"id":".net.ipv6.conf.eth0.ndisc_tclass","sysctl_value":"0"},".net.ipv6.conf.eth0.proxy_ndp":{"id":".net.ipv6.conf.eth0.proxy_ndp","sysctl_value":"0"},".net.ipv6.conf.eth0.regen_max_retry":{"id":".net.ipv6.conf.eth0.regen_max_retry","sysctl_value":"3"},".net.ipv6.conf.eth0.router_probe_interval":{"id":".net.ipv6.conf.eth0.router_probe_interval","sysctl_value":"60"},".net.ipv6.conf.eth0.router_solicitation_delay":{"id":".net.ipv6.conf.eth0.router_solicitation_delay","sysctl_value":"1"},".net.ipv6.conf.eth0.router_solicitation_interval":{"id":".net.ipv6.conf.eth0.router_solicitation_interval","sysctl_value":"4"},".net.ipv6.conf.eth0.router_solicitation_max_interval":{"id":".net.ipv6.conf.eth0.router_solicitation_max_interval","sysctl_value":"3600"},".net.ipv6.conf.eth0.router_solicitations":{"id":".net.ipv6.conf.eth0.router_solicitations","sysctl_value":"-1"},".net.ipv6.conf.eth0.seg6_enabled":{"id":".net.ipv6.conf.eth0.seg6_enabled","sysctl_value":"0"},".net.ipv6.conf.eth0.seg6_require_hmac":{"id":".net.ipv6.conf.eth0.seg6_require_hmac","sysctl_value":"0"},".net.ipv6.conf.eth0.suppress_frag_ndisc":{"id":".net.ipv6.conf.eth0.suppress_frag_ndisc","sysctl_value":"1"},".net.ipv6.conf.eth0.temp_prefered_lft":{"id":".net.ipv6.conf.eth0.temp_prefered_lft","sysctl_value":"86400"},".net.ipv6.conf.eth0.temp_valid_lft":{"id":".net.ipv6.conf.eth0.temp_valid_lft","sysctl_value":"604800"},".net.ipv6.conf.eth0.use_oif_addrs_only":{"id":".net.ipv6.conf.eth0.use_oif_addrs_only","sysctl_value":"0"},".net.ipv6.conf.eth0.use_tempaddr":{"id":".net.ipv6.conf.eth0.use_tempaddr","sysctl_value":"0"},".net.ipv6.conf.lo.accept_dad":{"id":".net.ipv6.conf.lo.accept_dad","sysctl_value":"-1"},".net.ipv6.conf.lo.accept_ra":{"id":".net.ipv6.conf.lo.accept_ra","sysctl_value":"1"},".net.ipv6.conf.lo.accept_ra_defrtr":{"id":".net.ipv6.conf.lo.accept_ra_defrtr","sysctl_value":"1"},".net.ipv6.conf.lo.accept_ra_from_local":{"id":".net.ipv6.conf.lo.accept_ra_from_local","sysctl_value":"0"},".net.ipv6.conf.lo.accept_ra_min_hop_limit":{"id":".net.ipv6.conf.lo.accept_ra_min_hop_limit","sysctl_value":"1"},".net.ipv6.conf.lo.accept_ra_mtu":{"id":".net.ipv6.conf.lo.accept_ra_mtu","sysctl_value":"1"},".net.ipv6.conf.lo.accept_ra_pinfo":{"id":".net.ipv6.conf.lo.accept_ra_pinfo","sysctl_value":"1"},".net.ipv6.conf.lo.accept_ra_rt_info_max_plen":{"id":".net.ipv6.conf.lo.accept_ra_rt_info_max_plen","sysctl_value":"0"},".net.ipv6.conf.lo.accept_ra_rt_info_min_plen":{"id":".net.ipv6.conf.lo.accept_ra_rt_info_min_plen","sysctl_value":"0"},".net.ipv6.conf.lo.accept_ra_rtr_pref":{"id":".net.ipv6.conf.lo.accept_ra_rtr_pref","sysctl_value":"1"},".net.ipv6.conf.lo.accept_redirects":{"id":".net.ipv6.conf.lo.accept_redirects","sysctl_value":"1"},".net.ipv6.conf.lo.accept_source_route":{"id":".net.ipv6.conf.lo.accept_source_route","sysctl_value":"0"},".net.ipv6.conf.lo.addr_gen_mode":{"id":".net.ipv6.conf.lo.addr_gen_mode","sysctl_value":"0"},".net.ipv6.conf.lo.autoconf":{"id":".net.ipv6.conf.lo.autoconf","sysctl_value":"1"},".net.ipv6.conf.lo.dad_transmits":{"id":".net.ipv6.conf.lo.dad_transmits","sysctl_value":"1"},".net.ipv6.conf.lo.disable_ipv6":{"id":".net.ipv6.conf.lo.disable_ipv6","sysctl_value":"0"},".net.ipv6.conf.lo.disable_policy":{"id":".net.ipv6.conf.lo.disable_policy","sysctl_value":"0"},".net.ipv6.conf.lo.drop_unicast_in_l2_multicast":{"id":".net.ipv6.conf.lo.drop_unicast_in_l2_multicast","sysctl_value":"0"},".net.ipv6.conf.lo.drop_unsolicited_na":{"id":".net.ipv6.conf.lo.drop_unsolicited_na","sysctl_value":"0"},".net.ipv6.conf.lo.enhanced_dad":{"id":".net.ipv6.conf.lo.enhanced_dad","sysctl_value":"1"},".net.ipv6.conf.lo.force_mld_version":{"id":".net.ipv6.conf.lo.force_mld_version","sysctl_value":"0"},".net.ipv6.conf.lo.force_tllao":{"id":".net.ipv6.conf.lo.force_tllao","sysctl_value":"0"},".net.ipv6.conf.lo.forwarding":{"id":".net.ipv6.conf.lo.forwarding","sysctl_value":"0"},".net.ipv6.conf.lo.hop_limit":{"id":".net.ipv6.conf.lo.hop_limit","sysctl_value":"64"},".net.ipv6.conf.lo.ignore_routes_with_linkdown":{"id":".net.ipv6.conf.lo.ignore_routes_with_linkdown","sysctl_value":"0"},".net.ipv6.conf.lo.keep_addr_on_down":{"id":".net.ipv6.conf.lo.keep_addr_on_down","sysctl_value":"0"},".net.ipv6.conf.lo.max_addresses":{"id":".net.ipv6.conf.lo.max_addresses","sysctl_value":"16"},".net.ipv6.conf.lo.max_desync_factor":{"id":".net.ipv6.conf.lo.max_desync_factor","sysctl_value":"600"},".net.ipv6.conf.lo.mldv1_unsolicited_report_interval":{"id":".net.ipv6.conf.lo.mldv1_unsolicited_report_interval","sysctl_value":"10000"},".net.ipv6.conf.lo.mldv2_unsolicited_report_interval":{"id":".net.ipv6.conf.lo.mldv2_unsolicited_report_interval","sysctl_value":"1000"},".net.ipv6.conf.lo.mtu":{"id":".net.ipv6.conf.lo.mtu","sysctl_value":"65536"},".net.ipv6.conf.lo.ndisc_notify":{"id":".net.ipv6.conf.lo.ndisc_notify","sysctl_value":"0"},".net.ipv6.conf.lo.ndisc_tclass":{"id":".net.ipv6.conf.lo.ndisc_tclass","sysctl_value":"0"},".net.ipv6.conf.lo.proxy_ndp":{"id":".net.ipv6.conf.lo.proxy_ndp","sysctl_value":"0"},".net.ipv6.conf.lo.regen_max_retry":{"id":".net.ipv6.conf.lo.regen_max_retry","sysctl_value":"3"},".net.ipv6.conf.lo.router_probe_interval":{"id":".net.ipv6.conf.lo.router_probe_interval","sysctl_value":"60"},".net.ipv6.conf.lo.router_solicitation_delay":{"id":".net.ipv6.conf.lo.router_solicitation_delay","sysctl_value":"1"},".net.ipv6.conf.lo.router_solicitation_interval":{"id":".net.ipv6.conf.lo.router_solicitation_interval","sysctl_value":"4"},".net.ipv6.conf.lo.router_solicitation_max_interval":{"id":".net.ipv6.conf.lo.router_solicitation_max_interval","sysctl_value":"3600"},".net.ipv6.conf.lo.router_solicitations":{"id":".net.ipv6.conf.lo.router_solicitations","sysctl_value":"-1"},".net.ipv6.conf.lo.seg6_enabled":{"id":".net.ipv6.conf.lo.seg6_enabled","sysctl_value":"0"},".net.ipv6.conf.lo.seg6_require_hmac":{"id":".net.ipv6.conf.lo.seg6_require_hmac","sysctl_value":"0"},".net.ipv6.conf.lo.suppress_frag_ndisc":{"id":".net.ipv6.conf.lo.suppress_frag_ndisc","sysctl_value":"1"},".net.ipv6.conf.lo.temp_prefered_lft":{"id":".net.ipv6.conf.lo.temp_prefered_lft","sysctl_value":"86400"},".net.ipv6.conf.lo.temp_valid_lft":{"id":".net.ipv6.conf.lo.temp_valid_lft","sysctl_value":"604800"},".net.ipv6.conf.lo.use_oif_addrs_only":{"id":".net.ipv6.conf.lo.use_oif_addrs_only","sysctl_value":"0"},".net.ipv6.conf.lo.use_tempaddr":{"id":".net.ipv6.conf.lo.use_tempaddr","sysctl_value":"-1"},".net.ipv6.fib_multipath_hash_policy":{"id":".net.ipv6.fib_multipath_hash_policy","sysctl_value":"0"},".net.ipv6.flowlabel_consistency":{"id":".net.ipv6.flowlabel_consistency","sysctl_value":"1"},".net.ipv6.flowlabel_reflect":{"id":".net.ipv6.flowlabel_reflect","sysctl_value":"0"},".net.ipv6.flowlabel_state_ranges":{"id":".net.ipv6.flowlabel_state_ranges","sysctl_value":"0"},".net.ipv6.fwmark_reflect":{"id":".net.ipv6.fwmark_reflect","sysctl_value":"0"},".net.ipv6.icmp.echo_ignore_all":{"id":".net.ipv6.icmp.echo_ignore_all","sysctl_value":"0"},".net.ipv6.icmp.echo_ignore_anycast":{"id":".net.ipv6.icmp.echo_ignore_anycast","sysctl_value":"0"},".net.ipv6.icmp.echo_ignore_multicast":{"id":".net.ipv6.icmp.echo_ignore_multicast","sysctl_value":"0"},".net.ipv6.icmp.ratelimit":{"id":".net.ipv6.icmp.ratelimit","sysctl_value":"1000"},".net.ipv6.icmp.ratemask":{"id":".net.ipv6.icmp.ratemask","sysctl_value":"0-1,3-127"},".net.ipv6.idgen_delay":{"id":".net.ipv6.idgen_delay","sysctl_value":"1"},".net.ipv6.idgen_retries":{"id":".net.ipv6.idgen_retries","sysctl_value":"3"},".net.ipv6.ip6frag_high_thresh":{"id":".net.ipv6.ip6frag_high_thresh","sysctl_value":"4194304"},".net.ipv6.ip6frag_low_thresh":{"id":".net.ipv6.ip6frag_low_thresh","sysctl_value":"3145728"},".net.ipv6.ip6frag_secret_interval":{"id":".net.ipv6.ip6frag_secret_interval","sysctl_value":"0"},".net.ipv6.ip6frag_time":{"id":".net.ipv6.ip6frag_time","sysctl_value":"60"},".net.ipv6.ip_nonlocal_bind":{"id":".net.ipv6.ip_nonlocal_bind","sysctl_value":"0"},".net.ipv6.max_dst_opts_length":{"id":".net.ipv6.max_dst_opts_length","sysctl_value":"2147483647"},".net.ipv6.max_dst_opts_number":{"id":".net.ipv6.max_dst_opts_number","sysctl_value":"8"},".net.ipv6.max_hbh_length":{"id":".net.ipv6.max_hbh_length","sysctl_value":"2147483647"},".net.ipv6.max_hbh_opts_number":{"id":".net.ipv6.max_hbh_opts_number","sysctl_value":"8"},".net.ipv6.mld_max_msf":{"id":".net.ipv6.mld_max_msf","sysctl_value":"64"},".net.ipv6.mld_qrv":{"id":".net.ipv6.mld_qrv","sysctl_value":"2"},".net.ipv6.neigh.default.anycast_delay":{"id":".net.ipv6.neigh.default.anycast_delay","sysctl_value":"100"},".net.ipv6.neigh.default.app_solicit":{"id":".net.ipv6.neigh.default.app_solicit","sysctl_value":"0"},".net.ipv6.neigh.default.base_reachable_time_ms":{"id":".net.ipv6.neigh.default.base_reachable_time_ms","sysctl_value":"30000"},".net.ipv6.neigh.default.delay_first_probe_time":{"id":".net.ipv6.neigh.default.delay_first_probe_time","sysctl_value":"5"},".net.ipv6.neigh.default.gc_interval":{"id":".net.ipv6.neigh.default.gc_interval","sysctl_value":"30"},".net.ipv6.neigh.default.gc_stale_time":{"id":".net.ipv6.neigh.default.gc_stale_time","sysctl_value":"60"},".net.ipv6.neigh.default.gc_thresh1":{"id":".net.ipv6.neigh.default.gc_thresh1","sysctl_value":"128"},".net.ipv6.neigh.default.gc_thresh2":{"id":".net.ipv6.neigh.default.gc_thresh2","sysctl_value":"512"},".net.ipv6.neigh.default.gc_thresh3":{"id":".net.ipv6.neigh.default.gc_thresh3","sysctl_value":"1024"},".net.ipv6.neigh.default.locktime":{"id":".net.ipv6.neigh.default.locktime","sysctl_value":"0"},".net.ipv6.neigh.default.mcast_resolicit":{"id":".net.ipv6.neigh.default.mcast_resolicit","sysctl_value":"0"},".net.ipv6.neigh.default.mcast_solicit":{"id":".net.ipv6.neigh.default.mcast_solicit","sysctl_value":"3"},".net.ipv6.neigh.default.proxy_delay":{"id":".net.ipv6.neigh.default.proxy_delay","sysctl_value":"80"},".net.ipv6.neigh.default.proxy_qlen":{"id":".net.ipv6.neigh.default.proxy_qlen","sysctl_value":"64"},".net.ipv6.neigh.default.retrans_time_ms":{"id":".net.ipv6.neigh.default.retrans_time_ms","sysctl_value":"1000"},".net.ipv6.neigh.default.ucast_solicit":{"id":".net.ipv6.neigh.default.ucast_solicit","sysctl_value":"3"},".net.ipv6.neigh.default.unres_qlen":{"id":".net.ipv6.neigh.default.unres_qlen","sysctl_value":"101"},".net.ipv6.neigh.default.unres_qlen_bytes":{"id":".net.ipv6.neigh.default.unres_qlen_bytes","sysctl_value":"212992"},".net.ipv6.neigh.eth0.anycast_delay":{"id":".net.ipv6.neigh.eth0.anycast_delay","sysctl_value":"100"},".net.ipv6.neigh.eth0.app_solicit":{"id":".net.ipv6.neigh.eth0.app_solicit","sysctl_value":"0"},".net.ipv6.neigh.eth0.base_reachable_time_ms":{"id":".net.ipv6.neigh.eth0.base_reachable_time_ms","sysctl_value":"30000"},".net.ipv6.neigh.eth0.delay_first_probe_time":{"id":".net.ipv6.neigh.eth0.delay_first_probe_time","sysctl_value":"5"},".net.ipv6.neigh.eth0.gc_stale_time":{"id":".net.ipv6.neigh.eth0.gc_stale_time","sysctl_value":"60"},".net.ipv6.neigh.eth0.locktime":{"id":".net.ipv6.neigh.eth0.locktime","sysctl_value":"0"},".net.ipv6.neigh.eth0.mcast_resolicit":{"id":".net.ipv6.neigh.eth0.mcast_resolicit","sysctl_value":"0"},".net.ipv6.neigh.eth0.mcast_solicit":{"id":".net.ipv6.neigh.eth0.mcast_solicit","sysctl_value":"3"},".net.ipv6.neigh.eth0.proxy_delay":{"id":".net.ipv6.neigh.eth0.proxy_delay","sysctl_value":"80"},".net.ipv6.neigh.eth0.proxy_qlen":{"id":".net.ipv6.neigh.eth0.proxy_qlen","sysctl_value":"64"},".net.ipv6.neigh.eth0.retrans_time_ms":{"id":".net.ipv6.neigh.eth0.retrans_time_ms","sysctl_value":"1000"},".net.ipv6.neigh.eth0.ucast_solicit":{"id":".net.ipv6.neigh.eth0.ucast_solicit","sysctl_value":"3"},".net.ipv6.neigh.eth0.unres_qlen":{"id":".net.ipv6.neigh.eth0.unres_qlen","sysctl_value":"101"},".net.ipv6.neigh.eth0.unres_qlen_bytes":{"id":".net.ipv6.neigh.eth0.unres_qlen_bytes","sysctl_value":"212992"},".net.ipv6.neigh.lo.anycast_delay":{"id":".net.ipv6.neigh.lo.anycast_delay","sysctl_value":"100"},".net.ipv6.neigh.lo.app_solicit":{"id":".net.ipv6.neigh.lo.app_solicit","sysctl_value":"0"},".net.ipv6.neigh.lo.base_reachable_time_ms":{"id":".net.ipv6.neigh.lo.base_reachable_time_ms","sysctl_value":"30000"},".net.ipv6.neigh.lo.delay_first_probe_time":{"id":".net.ipv6.neigh.lo.delay_first_probe_time","sysctl_value":"5"},".net.ipv6.neigh.lo.gc_stale_time":{"id":".net.ipv6.neigh.lo.gc_stale_time","sysctl_value":"60"},".net.ipv6.neigh.lo.locktime":{"id":".net.ipv6.neigh.lo.locktime","sysctl_value":"0"},".net.ipv6.neigh.lo.mcast_resolicit":{"id":".net.ipv6.neigh.lo.mcast_resolicit","sysctl_value":"0"},".net.ipv6.neigh.lo.mcast_solicit":{"id":".net.ipv6.neigh.lo.mcast_solicit","sysctl_value":"3"},".net.ipv6.neigh.lo.proxy_delay":{"id":".net.ipv6.neigh.lo.proxy_delay","sysctl_value":"80"},".net.ipv6.neigh.lo.proxy_qlen":{"id":".net.ipv6.neigh.lo.proxy_qlen","sysctl_value":"64"},".net.ipv6.neigh.lo.retrans_time_ms":{"id":".net.ipv6.neigh.lo.retrans_time_ms","sysctl_value":"1000"},".net.ipv6.neigh.lo.ucast_solicit":{"id":".net.ipv6.neigh.lo.ucast_solicit","sysctl_value":"3"},".net.ipv6.neigh.lo.unres_qlen":{"id":".net.ipv6.neigh.lo.unres_qlen","sysctl_value":"101"},".net.ipv6.neigh.lo.unres_qlen_bytes":{"id":".net.ipv6.neigh.lo.unres_qlen_bytes","sysctl_value":"212992"},".net.ipv6.route.gc_elasticity":{"id":".net.ipv6.route.gc_elasticity","sysctl_value":"9"},".net.ipv6.route.gc_interval":{"id":".net.ipv6.route.gc_interval","sysctl_value":"30"},".net.ipv6.route.gc_min_interval":{"id":".net.ipv6.route.gc_min_interval","sysctl_value":"0"},".net.ipv6.route.gc_min_interval_ms":{"id":".net.ipv6.route.gc_min_interval_ms","sysctl_value":"500"},".net.ipv6.route.gc_thresh":{"id":".net.ipv6.route.gc_thresh","sysctl_value":"1024"},".net.ipv6.route.gc_timeout":{"id":".net.ipv6.route.gc_timeout","sysctl_value":"60"},".net.ipv6.route.max_size":{"id":".net.ipv6.route.max_size","sysctl_value":"4096"},".net.ipv6.route.min_adv_mss":{"id":".net.ipv6.route.min_adv_mss","sysctl_value":"1220"},".net.ipv6.route.mtu_expires":{"id":".net.ipv6.route.mtu_expires","sysctl_value":"600"},".net.ipv6.route.skip_notify_on_dev_down":{"id":".net.ipv6.route.skip_notify_on_dev_down","sysctl_value":"0"},".net.ipv6.seg6_flowlabel":{"id":".net.ipv6.seg6_flowlabel","sysctl_value":"0"},".net.ipv6.xfrm6_gc_thresh":{"id":".net.ipv6.xfrm6_gc_thresh","sysctl_value":"32768"},".net.netfilter.nf_conntrack_acct":{"id":".net.netfilter.nf_conntrack_acct","sysctl_value":"0"},".net.netfilter.nf_conntrack_buckets":{"id":".net.netfilter.nf_conntrack_buckets","sysctl_value":"16384"},".net.netfilter.nf_conntrack_checksum":{"id":".net.netfilter.nf_conntrack_checksum","sysctl_value":"1"},".net.netfilter.nf_conntrack_dccp_loose":{"id":".net.netfilter.nf_conntrack_dccp_loose","sysctl_value":"1"},".net.netfilter.nf_conntrack_dccp_timeout_closereq":{"id":".net.netfilter.nf_conntrack_dccp_timeout_closereq","sysctl_value":"64"},".net.netfilter.nf_conntrack_dccp_timeout_closing":{"id":".net.netfilter.nf_conntrack_dccp_timeout_closing","sysctl_value":"64"},".net.netfilter.nf_conntrack_dccp_timeout_open":{"id":".net.netfilter.nf_conntrack_dccp_timeout_open","sysctl_value":"43200"},".net.netfilter.nf_conntrack_dccp_timeout_partopen":{"id":".net.netfilter.nf_conntrack_dccp_timeout_partopen","sysctl_value":"480"},".net.netfilter.nf_conntrack_dccp_timeout_request":{"id":".net.netfilter.nf_conntrack_dccp_timeout_request","sysctl_value":"240"},".net.netfilter.nf_conntrack_dccp_timeout_respond":{"id":".net.netfilter.nf_conntrack_dccp_timeout_respond","sysctl_value":"480"},".net.netfilter.nf_conntrack_dccp_timeout_timewait":{"id":".net.netfilter.nf_conntrack_dccp_timeout_timewait","sysctl_value":"240"},".net.netfilter.nf_conntrack_events":{"id":".net.netfilter.nf_conntrack_events","sysctl_value":"1"},".net.netfilter.nf_conntrack_expect_max":{"id":".net.netfilter.nf_conntrack_expect_max","sysctl_value":"256"},".net.netfilter.nf_conntrack_frag6_high_thresh":{"id":".net.netfilter.nf_conntrack_frag6_high_thresh","sysctl_value":"4194304"},".net.netfilter.nf_conntrack_frag6_low_thresh":{"id":".net.netfilter.nf_conntrack_frag6_low_thresh","sysctl_value":"3145728"},".net.netfilter.nf_conntrack_frag6_timeout":{"id":".net.netfilter.nf_conntrack_frag6_timeout","sysctl_value":"60"},".net.netfilter.nf_conntrack_generic_timeout":{"id":".net.netfilter.nf_conntrack_generic_timeout","sysctl_value":"600"},".net.netfilter.nf_conntrack_gre_timeout":{"id":".net.netfilter.nf_conntrack_gre_timeout","sysctl_value":"30"},".net.netfilter.nf_conntrack_gre_timeout_stream":{"id":".net.netfilter.nf_conntrack_gre_timeout_stream","sysctl_value":"180"},".net.netfilter.nf_conntrack_helper":{"id":".net.netfilter.nf_conntrack_helper","sysctl_value":"0"},".net.netfilter.nf_conntrack_icmp_timeout":{"id":".net.netfilter.nf_conntrack_icmp_timeout","sysctl_value":"30"},".net.netfilter.nf_conntrack_icmpv6_timeout":{"id":".net.netfilter.nf_conntrack_icmpv6_timeout","sysctl_value":"30"},".net.netfilter.nf_conntrack_log_invalid":{"id":".net.netfilter.nf_conntrack_log_invalid","sysctl_value":"0"},".net.netfilter.nf_conntrack_max":{"id":".net.netfilter.nf_conntrack_max","sysctl_value":"65536"},".net.netfilter.nf_conntrack_sctp_timeout_closed":{"id":".net.netfilter.nf_conntrack_sctp_timeout_closed","sysctl_value":"10"},".net.netfilter.nf_conntrack_sctp_timeout_cookie_echoed":{"id":".net.netfilter.nf_conntrack_sctp_timeout_cookie_echoed","sysctl_value":"3"},".net.netfilter.nf_conntrack_sctp_timeout_cookie_wait":{"id":".net.netfilter.nf_conntrack_sctp_timeout_cookie_wait","sysctl_value":"3"},".net.netfilter.nf_conntrack_sctp_timeout_established":{"id":".net.netfilter.nf_conntrack_sctp_timeout_established","sysctl_value":"432000"},".net.netfilter.nf_conntrack_sctp_timeout_heartbeat_acked":{"id":".net.netfilter.nf_conntrack_sctp_timeout_heartbeat_acked","sysctl_value":"210"},".net.netfilter.nf_conntrack_sctp_timeout_heartbeat_sent":{"id":".net.netfilter.nf_conntrack_sctp_timeout_heartbeat_sent","sysctl_value":"30"},".net.netfilter.nf_conntrack_sctp_timeout_shutdown_ack_sent":{"id":".net.netfilter.nf_conntrack_sctp_timeout_shutdown_ack_sent","sysctl_value":"3"},".net.netfilter.nf_conntrack_sctp_timeout_shutdown_recd":{"id":".net.netfilter.nf_conntrack_sctp_timeout_shutdown_recd","sysctl_value":"0"},".net.netfilter.nf_conntrack_sctp_timeout_shutdown_sent":{"id":".net.netfilter.nf_conntrack_sctp_timeout_shutdown_sent","sysctl_value":"0"},".net.netfilter.nf_conntrack_tcp_be_liberal":{"id":".net.netfilter.nf_conntrack_tcp_be_liberal","sysctl_value":"0"},".net.netfilter.nf_conntrack_tcp_loose":{"id":".net.netfilter.nf_conntrack_tcp_loose","sysctl_value":"1"},".net.netfilter.nf_conntrack_tcp_max_retrans":{"id":".net.netfilter.nf_conntrack_tcp_max_retrans","sysctl_value":"3"},".net.netfilter.nf_conntrack_tcp_timeout_close":{"id":".net.netfilter.nf_conntrack_tcp_timeout_close","sysctl_value":"10"},".net.netfilter.nf_conntrack_tcp_timeout_close_wait":{"id":".net.netfilter.nf_conntrack_tcp_timeout_close_wait","sysctl_value":"60"},".net.netfilter.nf_conntrack_tcp_timeout_established":{"id":".net.netfilter.nf_conntrack_tcp_timeout_established","sysctl_value":"432000"},".net.netfilter.nf_conntrack_tcp_timeout_fin_wait":{"id":".net.netfilter.nf_conntrack_tcp_timeout_fin_wait","sysctl_value":"120"},".net.netfilter.nf_conntrack_tcp_timeout_last_ack":{"id":".net.netfilter.nf_conntrack_tcp_timeout_last_ack","sysctl_value":"30"},".net.netfilter.nf_conntrack_tcp_timeout_max_retrans":{"id":".net.netfilter.nf_conntrack_tcp_timeout_max_retrans","sysctl_value":"300"},".net.netfilter.nf_conntrack_tcp_timeout_syn_recv":{"id":".net.netfilter.nf_conntrack_tcp_timeout_syn_recv","sysctl_value":"60"},".net.netfilter.nf_conntrack_tcp_timeout_syn_sent":{"id":".net.netfilter.nf_conntrack_tcp_timeout_syn_sent","sysctl_value":"120"},".net.netfilter.nf_conntrack_tcp_timeout_time_wait":{"id":".net.netfilter.nf_conntrack_tcp_timeout_time_wait","sysctl_value":"120"},".net.netfilter.nf_conntrack_tcp_timeout_unacknowledged":{"id":".net.netfilter.nf_conntrack_tcp_timeout_unacknowledged","sysctl_value":"300"},".net.netfilter.nf_conntrack_timestamp":{"id":".net.netfilter.nf_conntrack_timestamp","sysctl_value":"0"},".net.netfilter.nf_conntrack_udp_timeout":{"id":".net.netfilter.nf_conntrack_udp_timeout","sysctl_value":"30"},".net.netfilter.nf_conntrack_udp_timeout_stream":{"id":".net.netfilter.nf_conntrack_udp_timeout_stream","sysctl_value":"120"},".net.netfilter.nf_log.0":{"id":".net.netfilter.nf_log.0","sysctl_value":"NONE"},".net.netfilter.nf_log.1":{"id":".net.netfilter.nf_log.1","sysctl_value":"NONE"},".net.netfilter.nf_log.10":{"id":".net.netfilter.nf_log.10","sysctl_value":"NONE"},".net.netfilter.nf_log.11":{"id":".net.netfilter.nf_log.11","sysctl_value":"NONE"},".net.netfilter.nf_log.12":{"id":".net.netfilter.nf_log.12","sysctl_value":"NONE"},".net.netfilter.nf_log.2":{"id":".net.netfilter.nf_log.2","sysctl_value":"NONE"},".net.netfilter.nf_log.3":{"id":".net.netfilter.nf_log.3","sysctl_value":"NONE"},".net.netfilter.nf_log.4":{"id":".net.netfilter.nf_log.4","sysctl_value":"NONE"},".net.netfilter.nf_log.5":{"id":".net.netfilter.nf_log.5","sysctl_value":"NONE"},".net.netfilter.nf_log.6":{"id":".net.netfilter.nf_log.6","sysctl_value":"NONE"},".net.netfilter.nf_log.7":{"id":".net.netfilter.nf_log.7","sysctl_value":"NONE"},".net.netfilter.nf_log.8":{"id":".net.netfilter.nf_log.8","sysctl_value":"NONE"},".net.netfilter.nf_log.9":{"id":".net.netfilter.nf_log.9","sysctl_value":"NONE"},".net.netfilter.nf_log_all_netns":{"id":".net.netfilter.nf_log_all_netns","sysctl_value":"0"},".net.nf_conntrack_max":{"id":".net.nf_conntrack_max","sysctl_value":"65536"},".net.unix.max_dgram_qlen":{"id":".net.unix.max_dgram_qlen","sysctl_value":"512"},".user.max_cgroup_namespaces":{"id":".user.max_cgroup_namespaces","sysctl_value":"7579"},".user.max_inotify_instances":{"id":".user.max_inotify_instances","sysctl_value":"128"},".user.max_inotify_watches":{"id":".user.max_inotify_watches","sysctl_value":"8192"},".user.max_ipc_namespaces":{"id":".user.max_ipc_namespaces","sysctl_value":"7579"},".user.max_mnt_namespaces":{"id":".user.max_mnt_namespaces","sysctl_value":"7579"},".user.max_net_namespaces":{"id":".user.max_net_namespaces","sysctl_value":"7579"},".user.max_pid_namespaces":{"id":".user.max_pid_namespaces","sysctl_value":"7579"},".user.max_user_namespaces":{"id":".user.max_user_namespaces","sysctl_value":"7579"},".user.max_uts_namespaces":{"id":".user.max_uts_namespaces","sysctl_value":"7579"},".vm.admin_reserve_kbytes":{"id":".vm.admin_reserve_kbytes","sysctl_value":"8192"},".vm.block_dump":{"id":".vm.block_dump","sysctl_value":"0"},".vm.compact_unevictable_allowed":{"id":".vm.compact_unevictable_allowed","sysctl_value":"1"},".vm.dirty_background_bytes":{"id":".vm.dirty_background_bytes","sysctl_value":"0"},".vm.dirty_background_ratio":{"id":".vm.dirty_background_ratio","sysctl_value":"10"},".vm.dirty_bytes":{"id":".vm.dirty_bytes","sysctl_value":"0"},".vm.dirty_expire_centisecs":{"id":".vm.dirty_expire_centisecs","sysctl_value":"3000"},".vm.dirty_ratio":{"id":".vm.dirty_ratio","sysctl_value":"20"},".vm.dirty_writeback_centisecs":{"id":".vm.dirty_writeback_centisecs","sysctl_value":"500"},".vm.dirtytime_expire_seconds":{"id":".vm.dirtytime_expire_seconds","sysctl_value":"43200"},".vm.extfrag_threshold":{"id":".vm.extfrag_threshold","sysctl_value":"500"},".vm.hugetlb_shm_group":{"id":".vm.hugetlb_shm_group","sysctl_value":"0"},".vm.laptop_mode":{"id":".vm.laptop_mode","sysctl_value":"0"},".vm.legacy_va_layout":{"id":".vm.legacy_va_layout","sysctl_value":"0"},".vm.lowmem_reserve_ratio":{"id":".vm.lowmem_reserve_ratio","sysctl_value":"256\t256\t32\t0\t0"},".vm.max_map_count":{"id":".vm.max_map_count","sysctl_value":"65530"},".vm.memory_failure_early_kill":{"id":".vm.memory_failure_early_kill","sysctl_value":"0"},".vm.memory_failure_recovery":{"id":".vm.memory_failure_recovery","sysctl_value":"1"},".vm.min_free_kbytes":{"id":".vm.min_free_kbytes","sysctl_value":"45056"},".vm.min_slab_ratio":{"id":".vm.min_slab_ratio","sysctl_value":"5"},".vm.min_unmapped_ratio":{"id":".vm.min_unmapped_ratio","sysctl_value":"1"},".vm.mmap_min_addr":{"id":".vm.mmap_min_addr","sysctl_value":"65536"},".vm.nr_hugepages":{"id":".vm.nr_hugepages","sysctl_value":"0"},".vm.nr_hugepages_mempolicy":{"id":".vm.nr_hugepages_mempolicy","sysctl_value":"0"},".vm.nr_overcommit_hugepages":{"id":".vm.nr_overcommit_hugepages","sysctl_value":"0"},".vm.numa_stat":{"id":".vm.numa_stat","sysctl_value":"1"},".vm.numa_zonelist_order":{"id":".vm.numa_zonelist_order","sysctl_value":"Node"},".vm.oom_dump_tasks":{"id":".vm.oom_dump_tasks","sysctl_value":"1"},".vm.oom_kill_allocating_task":{"id":".vm.oom_kill_allocating_task","sysctl_value":"0"},".vm.overcommit_kbytes":{"id":".vm.overcommit_kbytes","sysctl_value":"0"},".vm.overcommit_memory":{"id":".vm.overcommit_memory","sysctl_value":"0"},".vm.overcommit_ratio":{"id":".vm.overcommit_ratio","sysctl_value":"50"},".vm.page-cluster":{"id":".vm.page-cluster","sysctl_value":"3"},".vm.panic_on_oom":{"id":".vm.panic_on_oom","sysctl_value":"0"},".vm.percpu_pagelist_fraction":{"id":".vm.percpu_pagelist_fraction","sysctl_value":"0"},".vm.stat_interval":{"id":".vm.stat_interval","sysctl_value":"1"},".vm.swappiness":{"id":".vm.swappiness","sysctl_value":"60"},".vm.unprivileged_userfaultfd":{"id":".vm.unprivileged_userfaultfd","sysctl_value":"1"},".vm.user_reserve_kbytes":{"id":".vm.user_reserve_kbytes","sysctl_value":"60517"},".vm.vfs_cache_pressure":{"id":".vm.vfs_cache_pressure","sysctl_value":"100"},".vm.watermark_boost_factor":{"id":".vm.watermark_boost_factor","sysctl_value":"0"},".vm.watermark_scale_factor":{"id":".vm.watermark_scale_factor","sysctl_value":"10"},".vm.zone_reclaim_mode":{"id":".vm.zone_reclaim_mode","sysctl_value":"0"}}