{"ModemManager":{"id":"ModemManager","pid":"1016"},"accounts-daemon":{"id":"accounts-daemon","pid":"910"},"atd":{"id":"atd","pid":"960"},"cron":{"id":"cron","pid":"914"},"dbus":{"id":"dbus","pid":"915"},"getty@tty1":{"id":"getty@tty1","pid":"1012"},"irqbalance":{"id":"irqbalance","pid":"924"},"lxcfs":{"id":"lxcfs","pid":"925"},"multipathd":{"id":"multipathd","pid":"542"},"networkd-dispatcher":{"id":"networkd-dispatcher","pid":"927"},"newrelic-infra":{"id":"newrelic-infra","pid":"2994654"},"nginx":{"id":"nginx","pid":"994"},"packagekit":{"id":"packagekit","pid":"2991877"},"polkit":{"id":"polkit","pid":"932"},"postfix@-":{"id":"postfix@-","pid":"unknown"},"rsyslog":{"id":"rsyslog","pid":"937"},"serial-getty@ttyS0":{"id":"serial-getty@ttyS0","pid":"1005"},"snapd":{"id":"snapd","pid":"1225007"},"ssh":{"id":"ssh","pid":"979"},"systemd-journald":{"id":"systemd-journald","pid":"349"},"systemd-logind":{"id":"systemd-logind","pid":"952"},"systemd-resolved":{"id":"systemd-resolved","pid":"581"},"systemd-timesyncd":{"id":"systemd-timesyncd","pid":"582"},"systemd-udevd":{"id":"systemd-udevd","pid":"387"},"udisks2":{"id":"udisks2","pid":"954"},"unattended-upgrades":{"id":"unattended-upgrades","pid":"1043"},"upower":{"id":"upower","pid":"49879"},"user@1002":{"id":"user@1002","pid":"2986809"},"user@1003":{"id":"user@1003","pid":"2990251"}}